Period,Max Temperature (°C),Min Temperature (°C),Humidity (%),Pressure (hPa),Precipitation (mm),Wind Speed (km/h)
2020-03-26,21.1,12.1,74.0,1014.8,0.0,18.7
2020-03-27,16.6,13.2,87.0,1012.6,31.3,12.6
2020-03-28,17.5,12.0,88.0,1016.5,11.0,20.9
2020-03-29,21.4,10.9,71.0,1015.4,0.0,15.5
2020-03-30,20.2,14.6,67.0,1014.9,0.2,17.9
2020-03-31,18.0,13.4,85.0,1013.7,27.1,17.0
2020-04-01,21.1,12.1,80.0,1015.1,7.2,10.5
2020-04-02,20.2,10.5,74.0,1014.1,0.4,10.9
2020-04-03,22.6,13.0,62.0,1014.1,0.0,17.1
2020-04-04,24.5,14.5,59.0,1013.3,0.0,11.7
2020-04-05,23.5,15.6,69.0,1014.4,4.8,15.8
2020-04-06,23.7,13.5,69.0,1015.1,0.1,12.6
2020-04-07,20.1,14.4,76.0,1013.1,3.3,22.2
2020-04-08,24.4,14.0,59.0,1013.0,0.0,13.3
2020-04-09,25.0,16.5,61.0,1012.6,0.3,15.6
2020-04-10,25.3,13.8,67.0,1014.9,0.0,16.5
2020-04-11,27.3,15.9,57.0,1015.3,0.0,11.4
2020-04-12,28.4,18.4,51.0,1011.5,0.0,14.1
2020-04-13,27.7,21.4,56.0,1009.7,0.1,12.1
2020-04-14,28.3,18.0,71.0,1010.4,6.9,23.8
2020-04-15,26.4,16.2,72.0,1011.7,29.8,20.4
2020-04-16,25.8,17.1,63.0,1009.9,0.0,10.2
2020-04-17,23.4,15.5,77.0,1010.1,18.3,18.3
2020-04-18,19.2,14.5,85.0,1012.7,15.0,16.9
2020-04-19,23.4,13.8,69.0,1011.6,0.0,10.7
2020-04-20,25.3,15.6,65.0,1011.1,1.1,11.2
2020-04-21,23.8,15.4,68.0,1012.0,2.3,25.5
2020-04-22,26.3,16.7,60.0,1009.3,0.0,10.7
2020-04-23,27.9,17.9,54.0,1008.4,0.0,11.6
2020-04-24,29.4,23.0,48.0,1006.6,0.0,7.5
2020-04-25,27.8,21.6,57.0,1007.4,0.0,8.0
2020-04-26,26.9,20.9,64.0,1009.5,0.7,10.9
2020-04-27,25.0,19.7,72.0,1013.1,0.8,24.5
2020-04-28,25.0,18.5,71.0,1014.7,0.1,14.5
2020-04-29,28.8,19.0,67.0,1010.1,0.0,11.9
2020-04-30,30.1,20.0,60.0,1009.7,0.0,11.7
2020-05-01,31.1,20.4,54.0,1007.5,0.0,12.6
2020-05-02,29.7,18.6,69.0,1008.2,7.7,20.8
2020-05-03,25.1,17.2,78.0,1010.6,9.2,14.6
2020-05-04,28.6,17.5,71.0,1010.5,0.4,10.3
2020-05-05,27.7,18.3,63.0,1009.4,0.0,13.2
2020-05-06,27.6,19.8,49.0,1008.2,0.1,15.3
2020-05-07,29.0,18.5,49.0,1009.1,0.0,9.6
2020-05-08,31.4,21.7,46.0,1007.0,0.0,15.3
2020-05-09,31.8,21.3,48.0,1007.8,0.1,19.0
2020-05-10,30.9,21.6,51.0,1009.0,0.0,14.3
2020-05-11,30.6,19.8,55.0,1010.1,3.8,20.5
2020-05-12,30.5,18.4,61.0,1010.0,0.0,10.0
2020-05-13,30.5,20.3,61.0,1008.1,2.3,15.3
2020-05-14,28.5,17.9,78.0,1009.3,29.6,17.3
2020-05-15,27.7,16.6,73.0,1009.6,8.3,16.6
2020-05-16,29.2,18.7,65.0,1006.9,0.0,19.3
2020-05-17,29.9,19.2,56.0,1006.0,0.0,23.4
2020-05-18,29.7,18.6,52.0,1005.3,0.6,13.1
2020-05-19,28.1,18.5,48.0,1005.7,0.4,15.7
2020-05-20,31.2,19.8,47.0,1004.0,0.0,15.0
2020-05-21,33.7,21.7,44.0,1001.9,0.0,15.2
2020-05-22,34.1,23.4,48.0,1001.3,0.0,12.4
2020-05-23,34.6,25.2,46.0,1003.7,0.0,15.2
2020-05-24,33.9,24.4,46.0,1005.4,0.0,14.3
2020-05-25,35.8,25.1,41.0,1002.9,0.0,12.8
2020-05-26,37.6,26.0,39.0,1001.4,0.0,14.3
2020-05-27,36.7,27.1,38.0,999.6,0.0,11.1
2020-05-28,34.7,27.4,35.0,1000.1,0.0,23.9
2020-05-29,30.7,24.8,54.0,1004.3,7.5,24.4
2020-05-30,27.1,21.5,70.0,1007.0,7.2,28.8
2020-05-31,26.1,20.1,70.0,1008.5,2.4,18.7
2020-06-01,27.8,20.4,70.0,1009.5,0.9,12.7
2020-06-02,26.2,21.0,76.0,1008.0,5.9,8.4
2020-06-03,28.6,19.9,67.0,1005.8,0.9,12.5
2020-06-04,31.1,22.8,53.0,1004.3,0.0,9.0
2020-06-05,30.3,24.6,53.0,1003.1,0.0,16.4
2020-06-06,28.6,23.0,66.0,1003.4,0.2,23.8
2020-06-07,30.8,20.9,67.0,1003.6,0.0,16.2
2020-06-08,32.4,24.4,65.0,1002.6,0.1,12.4
2020-06-09,32.7,23.5,64.0,1003.4,1.8,12.3
2020-06-10,33.4,25.7,62.0,1002.3,0.4,15.6
2020-06-11,32.2,26.0,60.0,1001.5,2.2,8.6
2020-06-12,33.6,24.5,53.0,1001.0,0.0,19.2
2020-06-13,32.7,20.5,58.0,1001.9,0.1,22.6
2020-06-14,35.0,23.8,46.0,1002.3,0.0,12.1
2020-06-15,36.8,24.8,35.0,999.6,0.0,11.0
2020-06-16,37.3,26.1,31.0,997.1,0.0,11.5
2020-06-17,37.9,26.6,32.0,996.0,0.0,12.8
2020-06-18,37.9,27.4,34.0,997.2,0.0,17.4
2020-06-19,38.1,29.1,35.0,998.8,0.0,11.8
2020-06-20,36.0,29.2,39.0,1000.4,0.0,20.3
2020-06-21,38.0,30.0,36.0,999.0,0.0,18.9
2020-06-22,36.9,27.3,50.0,999.2,0.0,22.9
2020-06-23,36.3,28.7,57.0,1002.4,0.1,24.8
2020-06-24,30.7,24.5,78.0,1004.7,22.9,16.5
2020-06-25,31.4,23.2,74.0,1002.0,9.8,11.9
2020-06-26,32.4,26.0,70.0,1000.1,0.4,10.5
2020-06-27,34.4,27.6,61.0,999.0,0.4,11.3
2020-06-28,32.7,27.0,69.0,998.8,2.0,17.6
2020-06-29,34.4,25.1,63.0,1000.8,0.0,17.7
2020-06-30,35.1,26.9,60.0,1001.5,0.0,11.2
2020-07-01,34.7,26.5,56.0,1000.8,0.0,8.2
2020-07-02,36.3,27.9,50.0,997.7,0.0,11.3
2020-07-03,37.4,27.2,50.0,996.7,0.0,10.1
2020-07-04,34.8,26.8,62.0,997.4,6.2,25.2
2020-07-05,30.8,22.5,72.0,999.1,14.4,14.8
2020-07-06,32.4,25.3,63.0,999.3,0.0,9.8
2020-07-07,33.9,26.4,59.0,1001.0,0.0,13.6
2020-07-08,33.4,24.7,68.0,1003.1,0.0,23.5
2020-07-09,33.6,26.0,69.0,999.4,0.4,10.7
2020-07-10,34.6,27.1,62.0,996.3,1.3,12.4
2020-07-11,35.7,27.8,59.0,995.8,0.0,16.7
2020-07-12,33.6,23.9,60.0,998.5,8.2,16.3
2020-07-13,34.0,26.4,56.0,999.2,0.0,10.6
2020-07-14,35.7,27.6,47.0,999.6,0.0,12.0
2020-07-15,34.6,28.5,58.0,1000.4,1.5,19.0
2020-07-16,31.6,25.6,73.0,1001.0,10.1,18.9
2020-07-17,33.2,26.6,70.0,1001.8,0.0,10.9
2020-07-18,34.7,27.2,61.0,1001.7,0.0,10.8
2020-07-19,35.5,28.3,62.0,999.6,0.0,14.0
2020-07-20,32.8,26.6,71.0,996.8,2.7,20.1
2020-07-21,26.0,22.3,84.0,1001.5,25.7,19.6
2020-07-22,31.0,21.5,71.0,1003.2,0.6,13.2
2020-07-23,33.1,25.0,66.0,1000.7,0.0,12.3
2020-07-24,33.3,26.3,73.0,1004.9,2.9,20.1
2020-07-25,32.5,24.5,76.0,1006.8,11.0,18.8
2020-07-26,31.5,24.8,79.0,1006.6,11.9,13.0
2020-07-27,32.6,25.9,75.0,1003.1,4.3,8.8
2020-07-28,34.5,26.2,69.0,1000.0,1.4,14.5
2020-07-29,33.9,27.2,72.0,999.8,3.5,20.7
2020-07-30,30.7,23.7,79.0,1002.8,11.1,19.6
2020-07-31,31.3,23.9,80.0,1002.3,9.4,16.2
2020-08-01,31.0,23.3,80.0,1002.4,18.5,11.8
2020-08-02,32.7,25.6,72.0,999.9,0.5,10.2
2020-08-03,32.3,28.0,73.0,995.3,3.4,14.3
2020-08-04,33.1,26.6,69.0,994.6,0.0,9.6
2020-08-05,34.7,27.8,66.0,996.4,0.8,15.9
2020-08-06,35.3,27.8,67.0,1000.4,0.0,15.8
2020-08-07,33.5,28.2,67.0,1001.9,0.5,18.2
2020-08-08,33.6,27.1,71.0,999.8,0.2,17.7
2020-08-09,32.4,26.4,79.0,998.3,11.8,14.9
2020-08-10,32.3,25.4,79.0,999.5,12.1,12.7
2020-08-11,32.2,25.2,80.0,999.4,3.0,15.7
2020-08-12,34.8,27.0,74.0,997.1,2.2,13.4
2020-08-13,32.7,26.1,82.0,997.0,9.7,22.4
2020-08-14,30.1,25.3,86.0,998.3,7.7,24.0
2020-08-15,31.5,25.4,80.0,998.2,1.2,16.9
2020-08-16,32.7,26.5,78.0,998.5,0.6,17.0
2020-08-17,34.1,26.7,79.0,998.3,0.5,18.0
2020-08-18,31.9,25.3,82.0,999.6,15.2,18.5
2020-08-19,30.0,24.7,86.0,998.6,39.5,18.9
2020-08-20,26.9,24.1,89.0,1001.5,70.1,28.2
2020-08-21,29.7,23.5,81.0,1005.0,1.2,20.3
2020-08-22,31.1,23.6,77.0,1004.2,0.0,11.5
2020-08-23,31.4,25.4,74.0,1002.2,0.4,15.0
2020-08-24,31.2,26.0,79.0,1001.9,0.4,16.4
2020-08-25,30.5,24.7,82.0,1003.8,5.4,18.9
2020-08-26,29.7,24.7,85.0,1005.0,18.2,13.0
2020-08-27,26.6,23.1,90.0,1004.2,31.0,12.4
2020-08-28,28.7,22.1,81.0,1002.9,1.1,9.7
2020-08-29,30.6,23.2,76.0,1002.9,0.0,8.3
2020-08-30,31.6,24.9,73.0,1002.8,0.0,12.3
2020-08-31,26.7,23.6,88.0,1005.0,14.1,13.9
2020-09-01,27.4,21.6,89.0,1006.4,35.5,16.2
2020-09-02,28.0,21.0,89.0,1008.5,22.9,12.5
2020-09-03,28.0,23.0,88.0,1009.4,4.1,8.2
2020-09-04,29.0,22.5,87.0,1009.2,14.3,11.8
2020-09-05,30.0,23.4,81.0,1005.7,1.2,11.0
2020-09-06,30.3,23.5,77.0,1004.4,0.3,10.0
2020-09-07,30.2,22.3,75.0,1005.7,2.8,13.2
2020-09-08,31.3,23.7,68.0,1005.7,0.0,8.9
2020-09-09,31.4,24.5,67.0,1005.8,0.0,11.2
2020-09-10,31.5,24.3,64.0,1002.9,0.0,9.1
2020-09-11,31.6,25.0,62.0,1003.3,0.0,11.2
2020-09-12,32.1,25.9,64.0,1006.4,0.0,11.0
2020-09-13,32.4,24.2,61.0,1006.1,0.1,11.0
2020-09-14,32.6,24.8,61.0,1005.1,0.0,9.0
2020-09-15,32.4,26.6,56.0,1004.5,0.0,11.5
2020-09-16,32.9,25.3,54.0,1004.1,0.0,12.3
2020-09-17,33.5,24.2,54.0,1003.1,0.0,11.4
2020-09-18,32.8,25.7,46.0,1002.6,0.0,9.4
2020-09-19,33.1,26.3,51.0,1003.0,0.0,9.0
2020-09-20,32.9,24.6,42.0,1003.1,0.0,12.0
2020-09-21,33.4,23.5,45.0,1001.7,0.0,11.4
2020-09-22,33.9,22.8,46.0,1002.1,0.0,11.6
2020-09-23,33.5,22.8,45.0,1001.9,0.0,14.1
2020-09-24,33.1,24.2,47.0,1003.7,0.0,11.9
2020-09-25,33.1,24.4,48.0,1003.0,0.3,11.5
2020-09-26,29.9,23.0,49.0,1004.0,2.5,20.5
2020-09-27,30.9,21.2,43.0,1006.7,0.1,9.1
2020-09-28,31.1,20.8,48.0,1008.0,0.0,9.4
2020-09-29,30.1,21.0,47.0,1007.6,0.0,12.1
2020-09-30,30.9,21.5,42.0,1006.3,0.0,9.8
2020-10-01,30.9,21.0,44.0,1006.6,0.0,14.6
2020-10-02,31.0,20.7,42.0,1006.3,0.0,11.3
2020-10-03,30.6,21.4,40.0,1007.3,0.0,11.6
2020-10-04,31.8,21.4,38.0,1008.4,0.0,10.8
2020-10-05,31.2,19.0,40.0,1008.1,0.0,13.8
2020-10-06,31.0,20.6,41.0,1007.9,0.0,10.6
2020-10-07,31.2,24.0,35.0,1009.7,0.0,10.0
2020-10-08,30.9,24.2,37.0,1010.4,0.0,9.1
2020-10-09,30.7,22.3,44.0,1010.6,0.0,8.7
2020-10-10,30.8,22.8,43.0,1009.6,0.0,10.7
2020-10-11,30.6,20.0,41.0,1007.4,0.0,11.0
2020-10-12,30.3,20.9,39.0,1006.0,0.0,10.3
2020-10-13,29.1,19.0,44.0,1008.2,0.0,20.8
2020-10-14,28.9,18.1,46.0,1009.5,0.0,12.5
2020-10-15,29.1,19.0,44.0,1009.6,0.0,12.6
2020-10-16,29.1,19.2,46.0,1008.7,0.0,12.1
2020-10-17,29.4,22.3,44.0,1009.5,0.0,9.1
2020-10-18,29.1,18.6,44.0,1009.8,0.0,13.0
2020-10-19,28.5,19.9,46.0,1009.2,0.0,9.2
2020-10-20,28.7,17.4,44.0,1008.4,0.0,9.4
2020-10-21,27.9,20.3,43.0,1010.4,0.0,9.8
2020-10-22,27.5,18.0,46.0,1009.5,0.0,10.2
2020-10-23,28.2,20.0,45.0,1008.9,0.0,12.3
2020-10-24,26.9,17.2,41.0,1009.5,0.0,10.8
2020-10-25,25.7,15.7,51.0,1013.4,0.1,25.0
2020-10-26,25.7,14.5,47.0,1015.2,0.0,14.6
2020-10-27,25.5,15.0,46.0,1012.8,0.0,12.6
2020-10-28,25.7,17.0,36.0,1013.5,0.0,9.1
2020-10-29,26.1,17.3,42.0,1015.2,0.0,10.9
2020-10-30,24.8,14.5,42.0,1015.8,0.0,15.1
2020-10-31,25.1,14.3,44.0,1015.2,0.0,12.8
2020-11-01,26.1,16.2,42.0,1014.7,0.0,12.8
2020-11-02,25.6,17.4,44.0,1015.0,0.0,11.4
2020-11-03,25.1,17.0,44.0,1014.6,0.0,9.9
2020-11-04,24.7,13.7,52.0,1013.5,0.0,11.0
2020-11-05,24.4,17.2,43.0,1015.0,0.0,8.5
2020-11-06,24.1,13.5,39.0,1018.4,0.0,14.0
2020-11-07,24.4,13.9,43.0,1018.5,0.0,15.5
2020-11-08,25.0,16.3,40.0,1018.7,0.0,10.8
2020-11-09,23.6,16.0,44.0,1017.9,0.0,9.4
2020-11-10,23.7,15.5,48.0,1017.3,0.0,10.7
2020-11-11,24.0,14.8,52.0,1018.9,0.0,11.4
2020-11-12,23.4,13.9,52.0,1020.2,0.0,9.2
2020-11-13,23.4,15.8,53.0,1018.2,0.0,13.1
2020-11-14,18.5,13.7,70.0,1016.4,6.9,32.7
2020-11-15,15.4,11.3,85.0,1016.1,37.8,23.0
2020-11-16,16.5,10.9,81.0,1020.1,1.3,7.7
2020-11-17,16.9,9.3,74.0,1017.6,0.0,14.3
2020-11-18,18.3,9.8,72.0,1014.1,0.0,8.8
2020-11-19,15.2,11.4,73.0,1015.6,1.8,13.2
2020-11-20,16.3,8.2,67.0,1018.7,0.0,16.7
2020-11-21,16.0,8.2,63.0,1017.5,0.0,12.5
2020-11-22,14.9,8.3,64.0,1017.3,0.0,10.3
2020-11-23,13.1,10.7,78.0,1019.4,7.7,9.9
2020-11-24,13.2,8.3,89.0,1020.2,3.2,12.8
2020-11-25,13.0,8.9,88.0,1020.0,11.7,11.7
2020-11-26,15.2,7.6,81.0,1023.5,0.0,15.3
2020-11-27,16.4,8.3,71.0,1024.1,0.0,15.0
2020-11-28,18.1,9.0,59.0,1020.6,0.0,14.5
2020-11-29,20.0,9.9,59.0,1018.1,0.0,12.1
2020-11-30,18.5,9.2,65.0,1017.9,0.0,13.4
2020-12-01,19.8,10.6,63.0,1018.0,0.0,13.4
2020-12-02,19.6,11.2,64.0,1016.3,0.0,13.5
2020-12-03,20.6,10.1,60.0,1014.1,0.0,11.7
2020-12-04,20.8,13.7,61.0,1013.7,0.1,10.1
2020-12-05,20.0,12.6,62.0,1014.5,0.3,8.2
2020-12-06,20.2,12.2,67.0,1017.9,0.0,9.4
2020-12-07,16.2,12.3,72.0,1018.8,0.5,10.1
2020-12-08,15.5,9.9,84.0,1019.8,9.1,10.5
2020-12-09,17.3,9.2,80.0,1018.4,4.3,12.5
2020-12-10,17.3,8.9,71.0,1017.8,0.5,14.5
2020-12-11,15.4,10.8,72.0,1017.0,8.0,14.0
2020-12-12,13.0,8.7,84.0,1017.2,15.8,15.3
2020-12-13,13.8,6.0,77.0,1017.3,0.3,11.7
2020-12-14,13.7,8.4,77.0,1017.9,2.1,9.2
2020-12-15,12.0,5.2,81.0,1021.1,0.0,16.4
2020-12-16,12.6,4.4,74.0,1023.1,0.0,12.6
2020-12-17,12.5,4.2,62.0,1022.1,0.0,14.8
2020-12-18,12.9,4.4,58.0,1019.5,0.0,16.8
2020-12-19,14.3,3.7,55.0,1019.9,0.0,12.0
2020-12-20,15.5,6.2,57.0,1020.3,0.0,13.1
2020-12-21,15.8,7.4,64.0,1017.9,0.6,17.3
2020-12-22,16.9,8.3,67.0,1016.8,0.0,13.2
2020-12-23,17.1,8.4,67.0,1015.9,0.0,10.0
2020-12-24,16.3,8.5,62.0,1016.1,0.0,10.2
2020-12-25,15.1,6.6,64.0,1017.7,0.0,9.6
2020-12-26,16.4,8.0,60.0,1015.7,0.0,13.0
2020-12-27,10.8,5.6,76.0,1013.7,13.4,20.4
2020-12-28,11.8,4.4,71.0,1018.3,0.1,18.8
2020-12-29,12.3,5.3,77.0,1019.9,1.5,13.2
2020-12-30,12.8,5.4,66.0,1020.2,0.0,12.8
2020-12-31,14.3,4.5,57.0,1019.6,0.0,15.9
2021-01-01,15.5,4.7,52.0,1017.5,0.0,14.8
2021-01-02,15.5,6.3,60.0,1018.3,0.0,13.2
2021-01-03,15.4,7.4,60.0,1016.4,1.4,16.7
2021-01-04,14.1,9.3,79.0,1018.5,3.1,12.9
2021-01-05,14.6,8.1,86.0,1017.1,20.6,11.9
2021-01-06,14.9,7.7,83.0,1017.8,0.3,7.4
2021-01-07,15.0,6.9,72.0,1016.0,0.0,9.9
2021-01-08,13.2,6.9,79.0,1015.9,0.1,9.7
2021-01-09,15.2,6.5,71.0,1017.5,0.0,13.0
2021-01-10,15.1,7.8,72.0,1016.8,0.0,13.6
2021-01-11,15.6,7.7,69.0,1016.6,0.0,13.0
2021-01-12,14.6,5.2,62.0,1016.6,0.0,14.0
2021-01-13,15.4,8.2,54.0,1015.2,0.0,11.2
2021-01-14,15.8,5.8,68.0,1015.9,0.0,10.8
2021-01-15,15.3,4.5,77.0,1014.7,0.0,11.5
2021-01-16,14.9,5.5,75.0,1013.7,0.0,12.8
2021-01-17,14.9,6.8,77.0,1014.7,0.0,16.0
2021-01-18,14.7,6.9,84.0,1019.1,0.0,9.5
2021-01-19,16.2,7.2,69.0,1015.5,0.0,11.3
2021-01-20,17.2,7.1,56.0,1015.0,0.0,15.3
2021-01-21,18.1,7.4,50.0,1012.9,0.0,11.7
2021-01-22,17.7,9.3,54.0,1013.0,1.1,16.4
2021-01-23,13.2,7.7,73.0,1013.4,10.1,15.1
2021-01-24,14.7,5.5,69.0,1018.0,0.0,11.0
2021-01-25,15.5,6.5,60.0,1018.4,0.0,12.3
2021-01-26,15.7,6.9,57.0,1017.9,0.0,9.6
2021-01-27,15.7,4.8,55.0,1017.8,0.0,14.5
2021-01-28,15.9,7.1,50.0,1018.3,0.0,9.8
2021-01-29,15.8,6.4,50.0,1019.2,0.0,12.3
2021-01-30,16.0,5.1,49.0,1017.0,0.0,14.1
2021-01-31,17.0,7.2,47.0,1017.1,0.0,10.8
2021-02-01,18.1,8.3,56.0,1020.4,0.0,13.8
2021-02-02,15.6,9.6,56.0,1018.3,0.0,11.9
2021-02-03,15.4,10.1,54.0,1018.2,0.9,15.5
2021-02-04,15.0,7.8,70.0,1019.6,1.7,10.0
2021-02-05,16.3,8.9,67.0,1019.6,0.0,12.7
2021-02-06,16.8,8.1,66.0,1019.1,0.0,13.0
2021-02-07,18.9,7.4,62.0,1017.9,0.0,13.6
2021-02-08,19.9,11.2,52.0,1018.1,0.0,10.9
2021-02-09,20.0,12.7,55.0,1014.7,0.1,14.1
2021-02-10,21.3,11.3,58.0,1014.4,0.0,12.5
2021-02-11,21.8,15.2,45.0,1014.5,0.0,8.6
2021-02-12,22.4,9.2,46.0,1015.2,0.0,11.5
2021-02-13,22.3,14.7,51.0,1015.0,0.0,13.0
2021-02-14,21.6,13.9,53.0,1015.4,0.0,12.8
2021-02-15,22.3,12.3,51.0,1013.5,0.0,10.6
2021-02-16,22.4,14.2,50.0,1013.8,0.0,13.3
2021-02-17,23.2,14.1,41.0,1014.7,0.0,9.7
2021-02-18,22.8,12.9,47.0,1017.9,0.0,10.6
2021-02-19,23.7,13.6,45.0,1019.9,0.0,11.0
2021-02-20,21.0,15.7,46.0,1019.6,0.0,8.4
2021-02-21,23.8,13.5,40.0,1017.9,0.0,13.5
2021-02-22,23.4,14.7,47.0,1015.6,0.3,9.3
2021-02-23,23.9,12.5,56.0,1013.8,2.0,10.5
2021-02-24,23.5,13.1,45.0,1012.9,0.0,9.4
2021-02-25,24.0,13.1,50.0,1012.4,0.3,12.6
2021-02-26,21.4,14.7,62.0,1008.2,9.1,24.8
2021-02-27,21.3,12.0,65.0,1007.2,0.3,17.4
2021-02-28,21.6,12.9,58.0,1012.6,0.0,12.5
2021-03-01,22.7,12.4,52.0,1015.6,0.0,13.8
2021-03-02,22.9,13.5,45.0,1015.8,0.0,15.8
2021-03-03,24.8,17.4,33.0,1012.7,0.0,12.7
2021-03-04,25.2,14.9,38.0,1013.5,0.0,12.3
2021-03-05,25.0,13.9,36.0,1013.8,0.0,15.3
2021-03-06,24.0,16.1,35.0,1011.7,0.1,13.1
2021-03-07,22.8,14.1,49.0,1011.7,2.0,18.2
2021-03-08,23.2,12.9,66.0,1015.2,8.1,15.6
2021-03-09,25.0,13.4,45.0,1015.0,0.0,11.9
2021-03-10,23.2,13.8,49.0,1014.7,0.8,20.4
2021-03-11,19.1,13.7,67.0,1017.1,6.8,22.7
2021-03-12,18.8,13.4,74.0,1019.5,9.9,21.3
2021-03-13,23.3,11.9,59.0,1019.0,0.0,16.6
2021-03-14,18.8,13.4,74.0,1015.3,3.8,14.1
2021-03-15,23.0,12.2,63.0,1014.4,0.0,14.0
2021-03-16,24.2,13.7,62.0,1014.0,0.0,12.2
2021-03-17,25.4,14.5,55.0,1012.8,1.0,14.7
2021-03-18,26.3,16.0,45.0,1013.6,0.2,14.6
2021-03-19,26.6,14.8,46.0,1012.8,0.0,15.3
2021-03-20,28.0,15.9,42.0,1010.2,0.0,14.7
2021-03-21,23.2,15.2,65.0,1010.7,9.1,19.2
2021-03-22,18.4,12.9,82.0,1013.9,12.8,26.1
2021-03-23,18.1,13.0,82.0,1013.8,33.0,38.9
2021-03-24,20.1,11.7,76.0,1018.3,4.0,9.7
2021-03-25,22.8,12.2,62.0,1015.6,0.0,17.8
2021-03-26,25.3,14.0,54.0,1012.5,0.0,12.5
2021-03-27,24.9,16.0,57.0,1010.8,0.0,16.5
2021-03-28,28.1,17.3,59.0,1007.3,2.4,16.9
2021-03-29,25.7,17.5,72.0,1005.1,8.4,23.1
2021-03-30,25.2,16.9,43.0,1004.3,0.0,21.9
2021-03-31,24.8,13.5,28.0,1005.3,0.0,28.5
2021-04-01,24.9,14.4,23.0,1005.9,0.0,32.5
2021-04-02,24.7,13.4,26.0,1006.8,0.0,24.3
2021-04-03,26.5,14.4,30.0,1010.7,0.0,11.5
2021-04-04,24.3,15.6,42.0,1012.2,0.0,17.6
2021-04-05,26.9,14.4,49.0,1012.0,0.3,10.7
2021-04-06,23.8,15.3,68.0,1011.1,15.0,17.4
2021-04-07,23.3,13.7,64.0,1014.1,0.0,10.8
2021-04-08,25.2,13.5,46.0,1011.5,0.0,15.0
2021-04-09,27.5,16.1,32.0,1012.4,0.0,14.1
2021-04-10,28.5,16.6,35.0,1013.7,0.0,16.6
2021-04-11,27.7,16.6,40.0,1014.2,0.0,26.8
2021-04-12,28.7,17.4,43.0,1014.9,0.0,12.3
2021-04-13,30.0,19.4,37.0,1013.1,0.0,16.6
2021-04-14,30.6,21.5,37.0,1011.0,0.0,17.9
2021-04-15,25.6,17.7,59.0,1013.0,3.0,20.4
2021-04-16,24.1,15.7,71.0,1011.4,3.0,14.0
2021-04-17,20.9,15.2,76.0,1012.5,4.7,14.7
2021-04-18,22.7,15.9,70.0,1014.9,5.6,11.2
2021-04-19,26.6,14.5,54.0,1011.0,0.0,14.0
2021-04-20,25.5,16.9,49.0,1007.8,0.3,20.9
2021-04-21,24.3,15.8,60.0,1010.5,1.0,19.8
2021-04-22,21.4,13.8,71.0,1012.5,11.3,24.9
2021-04-23,23.7,13.3,65.0,1013.2,2.9,15.0
2021-04-24,27.2,16.5,52.0,1012.9,0.0,14.1
2021-04-25,30.8,17.1,40.0,1010.9,0.0,13.0
2021-04-26,32.9,24.8,31.0,1008.8,0.0,14.5
2021-04-27,35.3,21.7,31.0,1008.4,0.0,17.7
2021-04-28,36.4,23.1,24.0,1009.1,0.0,23.1
2021-04-29,35.5,22.4,24.0,1008.9,0.0,15.1
2021-04-30,36.0,22.7,24.0,1008.1,0.0,18.4
2021-05-01,36.0,24.0,24.0,1007.5,0.0,15.5
2021-05-02,35.9,24.9,26.0,1007.7,0.0,19.5
2021-05-03,35.8,25.7,29.0,1005.8,0.0,17.7
2021-05-04,32.4,22.7,42.0,1006.3,2.0,20.9
2021-05-05,30.3,19.2,60.0,1009.0,1.1,18.9
2021-05-06,31.6,20.0,49.0,1009.4,0.0,18.5
2021-05-07,31.0,21.4,49.0,1011.0,0.8,18.1
2021-05-08,32.2,20.5,44.0,1009.6,0.1,22.3
2021-05-09,31.9,23.4,37.0,1007.1,0.0,14.4
2021-05-10,33.0,25.7,40.0,1004.9,0.9,16.0
2021-05-11,28.9,21.8,55.0,1005.7,0.2,15.1
2021-05-12,29.6,21.4,50.0,1003.0,0.1,11.8
2021-05-13,28.4,19.2,57.0,1004.6,1.5,18.6
2021-05-14,27.5,19.7,61.0,1005.9,2.5,21.3
2021-05-15,28.3,19.6,55.0,1007.1,0.7,17.2
2021-05-16,30.7,20.5,46.0,1009.2,0.5,19.7
2021-05-17,32.7,19.4,44.0,1009.0,0.0,14.0
2021-05-18,35.1,23.1,27.0,1005.3,0.0,15.3
2021-05-19,33.7,24.2,31.0,1003.6,0.0,20.5
2021-05-20,33.4,21.7,42.0,1002.5,0.0,27.8
2021-05-21,33.6,21.5,32.0,1004.5,0.0,18.9
2021-05-22,32.8,23.4,29.0,1006.1,0.0,25.1
2021-05-23,29.8,22.0,43.0,1007.6,1.6,15.2
2021-05-24,32.2,20.4,36.0,1008.2,0.0,17.4
2021-05-25,34.3,23.1,25.0,1004.3,0.0,17.4
2021-05-26,36.4,24.5,23.0,1001.3,0.0,16.1
2021-05-27,38.2,25.8,23.0,1001.0,0.0,14.0
2021-05-28,39.9,26.0,19.0,1000.8,0.0,18.7
2021-05-29,37.9,28.7,22.0,1001.9,0.2,21.7
2021-05-30,36.4,28.6,33.0,1002.7,0.0,22.7
2021-05-31,33.9,27.2,38.0,1000.5,0.3,31.2
2021-06-01,33.2,23.7,45.0,1003.5,0.1,21.7
2021-06-02,33.5,23.9,46.0,1004.8,0.3,16.6
2021-06-03,32.1,25.6,47.0,1006.7,0.9,23.9
2021-06-04,35.0,24.7,46.0,1006.3,0.0,12.5
2021-06-05,35.9,26.6,39.0,1004.3,0.0,21.3
2021-06-06,37.3,27.7,36.0,1003.6,0.0,15.0
2021-06-07,39.9,29.6,33.0,1000.6,0.0,15.5
2021-06-08,42.0,30.6,34.0,997.8,0.0,14.3
2021-06-09,42.9,32.1,30.0,995.5,0.0,16.2
2021-06-10,43.2,32.6,26.0,994.9,0.0,21.4
2021-06-11,38.6,29.8,46.0,996.7,5.0,23.3
2021-06-12,38.4,29.7,40.0,997.3,0.0,21.2
2021-06-13,33.3,23.9,56.0,999.8,0.5,28.1
2021-06-14,33.3,22.4,59.0,999.1,11.5,16.3
2021-06-15,32.8,23.5,51.0,995.5,1.1,20.0
2021-06-16,33.2,24.8,50.0,997.8,0.2,23.9
2021-06-17,33.1,23.4,47.0,1001.0,0.0,13.5
2021-06-18,35.6,24.8,32.0,1000.5,0.0,14.0
2021-06-19,37.2,26.0,26.0,999.5,0.0,18.0
2021-06-20,34.7,26.5,45.0,1001.1,0.2,25.2
2021-06-21,35.2,24.8,39.0,1002.7,0.0,19.5
2021-06-22,37.7,25.9,29.0,1001.4,0.0,15.5
2021-06-23,38.5,27.3,25.0,1001.2,0.0,15.8
2021-06-24,37.2,27.7,25.0,1001.1,0.0,20.1
2021-06-25,36.9,28.9,33.0,1000.2,0.0,22.0
2021-06-26,34.8,24.1,38.0,1003.0,0.6,15.0
2021-06-27,36.4,27.3,35.0,1005.6,0.0,19.7
2021-06-28,38.0,26.6,32.0,1003.4,0.0,14.6
2021-06-29,39.8,30.9,26.0,999.8,0.0,13.0
2021-06-30,41.4,29.2,22.0,996.1,0.0,12.8
2021-07-01,40.3,30.9,26.0,994.3,0.0,19.5
2021-07-02,37.8,30.8,32.0,996.7,0.0,19.9
2021-07-03,36.8,28.6,35.0,1000.1,0.2,20.8
2021-07-04,36.7,28.9,37.0,1002.0,0.0,16.9
2021-07-05,36.0,27.5,41.0,1002.3,0.0,13.0
2021-07-06,37.6,28.3,34.0,1000.8,0.0,15.0
2021-07-07,38.5,28.7,33.0,999.3,0.0,13.3
2021-07-08,39.5,30.2,34.0,998.0,0.0,18.9
2021-07-09,37.6,31.6,45.0,999.8,0.0,26.0
2021-07-10,35.1,27.0,63.0,1000.9,2.1,21.7
2021-07-11,34.6,25.9,68.0,1001.6,3.5,20.0
2021-07-12,28.6,23.9,84.0,1004.1,13.9,26.0
2021-07-13,30.5,24.1,73.0,1004.4,1.6,15.8
2021-07-14,30.4,23.0,80.0,1004.7,27.0,16.9
2021-07-15,33.2,24.9,69.0,1004.5,0.0,7.8
2021-07-16,34.3,27.0,69.0,1005.3,0.3,15.6
2021-07-17,35.5,27.8,67.0,1001.9,0.4,11.6
2021-07-18,37.0,28.6,63.0,997.0,0.0,18.6
2021-07-19,31.8,24.5,78.0,997.3,12.2,24.2
2021-07-20,29.4,23.6,84.0,998.8,41.4,19.0
2021-07-21,28.8,22.8,82.0,998.6,15.3,5.0
2021-07-22,32.1,24.0,69.0,997.3,0.0,7.2
2021-07-23,33.3,25.2,70.0,999.0,0.2,17.2
2021-07-24,34.2,26.9,68.0,999.5,0.0,13.5
2021-07-25,34.3,27.6,69.0,998.4,0.0,14.0
2021-07-26,31.8,27.6,78.0,997.0,0.6,18.4
2021-07-27,30.5,25.9,86.0,994.6,9.2,22.1
2021-07-28,29.4,24.9,88.0,995.8,18.7,24.1
2021-07-29,31.1,23.9,78.0,997.5,0.0,16.4
2021-07-30,31.6,25.7,75.0,999.4,0.5,14.8
2021-07-31,31.1,25.5,79.0,1001.2,6.2,13.5
2021-08-01,31.4,24.8,78.0,998.6,1.7,11.0
2021-08-02,32.3,24.6,76.0,999.4,0.8,10.9
2021-08-03,32.5,24.9,76.0,1000.9,1.9,14.6
2021-08-04,31.0,23.8,78.0,1001.9,12.7,15.3
2021-08-05,31.9,24.1,75.0,1000.8,3.9,11.2
2021-08-06,31.3,23.6,79.0,1001.5,4.9,13.1
2021-08-07,32.0,25.5,74.0,1002.5,0.1,10.7
2021-08-08,31.8,26.3,73.0,1003.6,1.8,17.8
2021-08-09,31.2,23.9,77.0,1004.3,4.6,11.3
2021-08-10,32.2,26.4,72.0,1002.1,1.7,10.6
2021-08-11,32.5,26.5,70.0,1001.6,0.1,11.5
2021-08-12,32.3,26.4,74.0,1002.9,1.9,14.0
2021-08-13,32.2,25.4,72.0,1001.3,2.4,13.6
2021-08-14,31.0,23.7,74.0,1000.0,8.9,11.5
2021-08-15,30.6,22.4,79.0,1002.7,14.4,11.7
2021-08-16,32.6,23.3,62.0,1005.0,0.0,9.8
2021-08-17,33.2,24.0,55.0,1004.6,0.0,10.8
2021-08-18,33.7,24.9,59.0,1002.2,0.0,11.9
2021-08-19,34.0,27.4,58.0,1001.3,0.0,13.2
2021-08-20,34.1,26.5,57.0,1003.4,0.0,11.6
2021-08-21,32.7,24.4,71.0,1007.0,3.5,14.9
2021-08-22,32.0,25.3,71.0,1006.5,0.5,15.8
2021-08-23,33.5,24.9,67.0,1003.3,0.0,10.6
2021-08-24,35.4,27.2,57.0,1000.8,0.0,8.4
2021-08-25,35.9,28.3,56.0,998.4,0.1,14.6
2021-08-26,36.2,28.2,60.0,997.0,1.0,19.4
2021-08-27,36.6,27.1,57.0,999.2,4.7,17.8
2021-08-28,31.2,24.9,72.0,1001.9,12.5,17.9
2021-08-29,29.8,22.5,76.0,1003.5,23.4,14.0
2021-08-30,29.6,24.4,73.0,1006.7,15.1,18.6
2021-08-31,29.3,23.4,74.0,1009.1,3.5,13.6
2021-09-01,30.8,24.2,64.0,1008.6,0.0,11.6
2021-09-02,32.8,24.5,62.0,1005.6,0.0,11.6
2021-09-03,32.9,25.2,68.0,1004.3,0.0,22.2
2021-09-04,33.1,24.2,70.0,1003.7,0.0,11.4
2021-09-05,32.6,26.1,64.0,1003.5,0.3,17.3
2021-09-06,34.3,27.0,59.0,1004.7,0.0,17.2
2021-09-07,34.8,27.3,67.0,1006.2,0.5,22.2
2021-09-08,27.3,23.7,90.0,1007.1,35.6,22.5
2021-09-09,29.2,23.4,80.0,1005.8,3.0,11.8
2021-09-10,29.7,24.3,80.0,1005.7,5.9,21.5
2021-09-11,28.1,23.4,80.0,1006.6,4.6,18.9
2021-09-12,29.0,23.2,75.0,1004.9,1.0,10.2
2021-09-13,31.0,23.3,72.0,1003.8,0.0,10.9
2021-09-14,31.9,24.3,69.0,1006.6,0.0,12.8
2021-09-15,32.0,25.3,71.0,1007.2,0.1,11.8
2021-09-16,32.9,25.5,62.0,1003.8,0.0,14.5
2021-09-17,31.7,26.0,72.0,1004.0,0.1,18.7
2021-09-18,32.0,25.2,74.0,1006.1,0.1,14.9
2021-09-19,32.0,25.7,74.0,1007.6,0.3,15.0
2021-09-20,31.1,25.8,75.0,1006.9,3.2,15.6
2021-09-21,28.7,23.5,83.0,1006.5,26.1,15.0
2021-09-22,30.4,22.1,79.0,1006.1,3.7,22.9
2021-09-23,28.5,21.0,80.0,1008.6,6.8,17.3
2021-09-24,29.1,22.2,75.0,1009.8,0.0,14.3
2021-09-25,30.8,24.9,62.0,1007.2,0.0,13.6
2021-09-26,31.7,24.6,64.0,1006.7,0.0,13.8
2021-09-27,31.7,25.0,65.0,1007.8,0.1,18.0
2021-09-28,32.3,25.3,64.0,1008.4,0.0,11.3
2021-09-29,31.0,25.4,70.0,1009.8,1.0,17.9
2021-09-30,31.3,25.6,69.0,1010.1,0.3,10.7
2021-10-01,30.6,23.9,70.0,1009.7,4.2,13.0
2021-10-02,28.2,22.9,80.0,1008.8,12.2,7.6
2021-10-03,29.3,21.5,75.0,1007.0,8.3,15.8
2021-10-04,29.2,20.6,74.0,1006.4,0.5,8.3
2021-10-05,28.7,22.2,71.0,1009.9,3.5,17.3
2021-10-06,30.5,21.6,63.0,1010.0,0.0,13.2
2021-10-07,30.9,20.9,59.0,1007.1,0.0,11.5
2021-10-08,31.4,22.4,55.0,1006.0,0.0,9.7
2021-10-09,31.6,24.2,56.0,1006.9,0.0,10.3
2021-10-10,26.5,18.6,63.0,1007.6,4.0,21.5
2021-10-11,28.3,17.8,64.0,1008.8,1.4,18.9
2021-10-12,29.1,17.1,55.0,1008.9,0.2,15.1
2021-10-13,27.2,19.1,54.0,1008.9,0.0,12.7
2021-10-14,27.6,18.5,54.0,1009.1,0.0,13.6
2021-10-15,29.0,18.5,50.0,1006.5,0.0,11.3
2021-10-16,29.2,22.4,49.0,1006.7,0.0,9.0
2021-10-17,28.3,20.1,53.0,1008.8,0.0,23.8
2021-10-18,25.3,17.5,66.0,1008.5,0.0,13.6
2021-10-19,26.7,18.5,64.0,1008.9,0.0,14.7
2021-10-20,27.7,19.8,52.0,1010.8,0.0,10.0
2021-10-21,27.5,19.6,46.0,1010.2,0.0,14.9
2021-10-22,27.6,17.1,60.0,1009.2,5.9,29.6
2021-10-23,22.3,15.1,64.0,1012.3,0.3,16.1
2021-10-24,18.8,12.4,74.0,1017.4,4.2,18.0
2021-10-25,21.2,11.0,72.0,1018.2,0.0,11.9
2021-10-26,22.7,13.9,66.0,1014.5,0.0,10.6
2021-10-27,24.0,14.3,59.0,1017.1,0.0,12.4
2021-10-28,24.2,15.0,56.0,1016.5,0.0,10.5
2021-10-29,24.8,13.9,50.0,1018.3,0.0,11.2
2021-10-30,24.1,14.5,50.0,1018.1,0.0,14.6
2021-10-31,24.2,14.2,47.0,1013.9,0.0,13.1
2021-11-01,25.0,15.8,51.0,1014.1,0.0,11.2
2021-11-02,23.7,14.6,45.0,1016.7,0.9,15.6
2021-11-03,23.7,14.6,50.0,1017.2,0.0,10.7
2021-11-04,23.5,16.6,45.0,1015.1,0.0,13.4
2021-11-05,21.6,15.5,56.0,1015.5,2.1,17.1
2021-11-06,22.8,13.0,53.0,1014.4,0.0,17.3
2021-11-07,22.9,12.8,45.0,1013.1,0.0,14.5
2021-11-08,23.4,13.4,47.0,1015.2,0.0,15.3
2021-11-09,24.6,15.1,42.0,1015.0,0.0,12.1
2021-11-10,23.6,16.9,42.0,1014.8,0.0,10.9
2021-11-11,23.7,13.7,48.0,1014.6,0.0,13.3
2021-11-12,22.8,13.6,50.0,1014.7,0.0,12.5
2021-11-13,23.1,13.7,50.0,1014.7,0.0,11.4
2021-11-14,23.9,12.5,38.0,1012.9,0.0,16.4
2021-11-15,21.6,11.7,49.0,1013.5,0.0,11.4
2021-11-16,21.5,11.3,48.0,1013.9,0.0,12.3
2021-11-17,21.7,13.5,45.0,1015.9,0.0,8.0
2021-11-18,20.6,11.3,52.0,1014.9,0.0,13.0
2021-11-19,20.2,12.3,52.0,1012.9,0.0,13.5
2021-11-20,20.5,14.4,45.0,1013.1,0.0,9.6
2021-11-21,20.1,11.8,52.0,1015.4,0.0,12.6
2021-11-22,20.6,9.9,52.0,1014.2,0.0,15.0
2021-11-23,21.6,12.8,42.0,1011.6,0.0,15.3
2021-11-24,22.4,14.3,51.0,1013.8,0.0,13.3
2021-11-25,21.0,12.6,57.0,1016.2,0.0,11.8
2021-11-26,22.0,10.3,56.0,1014.7,0.0,14.8
2021-11-27,21.3,12.6,61.0,1016.3,0.0,11.9
2021-11-28,20.6,13.3,59.0,1019.2,0.0,10.1
2021-11-29,19.6,10.4,61.0,1020.1,0.0,12.8
2021-11-30,19.5,9.7,62.0,1017.4,0.0,13.3
2021-12-01,20.5,11.4,53.0,1018.2,0.0,12.0
2021-12-02,19.1,11.4,58.0,1018.1,0.0,9.8
2021-12-03,20.7,13.4,50.0,1018.3,0.0,11.7
2021-12-04,19.8,9.9,57.0,1016.9,0.0,12.2
2021-12-05,16.1,9.9,79.0,1018.0,16.8,17.2
2021-12-06,16.5,9.1,74.0,1019.5,0.0,14.3
2021-12-07,16.8,8.7,63.0,1019.3,0.0,12.2
2021-12-08,17.3,7.9,58.0,1018.3,0.0,12.9
2021-12-09,18.0,10.4,53.0,1021.1,0.0,13.1
2021-12-10,17.4,7.8,51.0,1021.0,0.0,14.5
2021-12-11,17.7,8.6,43.0,1019.1,0.0,10.7
2021-12-12,17.2,10.2,45.0,1019.7,0.0,7.0
2021-12-13,16.7,10.0,49.0,1018.8,0.0,7.0
2021-12-14,14.8,7.2,60.0,1018.9,1.8,10.7
2021-12-15,14.6,4.7,71.0,1020.2,0.0,11.2
2021-12-16,14.2,5.2,60.0,1020.6,0.0,11.5
2021-12-17,13.1,5.8,65.0,1022.5,0.0,14.0
2021-12-18,13.6,3.7,60.0,1021.6,0.0,13.2
2021-12-19,14.4,2.7,54.0,1020.5,0.0,13.3
2021-12-20,14.2,2.9,56.0,1018.6,0.1,11.4
2021-12-21,15.6,5.1,56.0,1018.4,0.0,11.1
2021-12-22,16.5,10.0,54.0,1015.6,0.2,8.3
2021-12-23,17.0,7.8,60.0,1015.5,1.5,12.1
2021-12-24,17.3,10.6,55.0,1015.4,0.0,8.3
2021-12-25,17.6,11.5,54.0,1016.8,0.0,9.0
2021-12-26,14.5,9.4,71.0,1019.5,10.5,16.5
2021-12-27,13.5,7.8,74.0,1022.2,15.6,12.6
2021-12-28,13.6,5.8,66.0,1021.2,0.0,16.4
2021-12-29,14.0,5.7,53.0,1020.1,0.0,14.9
2021-12-30,15.0,9.4,50.0,1024.0,0.0,8.0
2021-12-31,14.8,5.9,54.0,1023.8,0.0,13.0
2022-01-01,13.7,7.6,54.0,1022.7,0.2,10.6
2022-01-02,15.5,6.8,61.0,1022.0,0.0,12.0
2022-01-03,13.5,7.9,66.0,1020.5,4.7,14.9
2022-01-04,13.5,8.1,82.0,1019.5,14.6,14.9
2022-01-05,11.1,8.2,88.0,1017.2,37.9,14.0
2022-01-06,13.2,8.1,89.0,1018.6,1.2,8.9
2022-01-07,10.6,8.1,88.0,1016.5,45.3,21.7
2022-01-08,11.9,6.3,81.0,1015.9,19.7,36.6
2022-01-09,13.9,7.1,77.0,1017.6,0.0,11.8
2022-01-10,14.1,6.3,79.0,1018.9,0.2,12.0
2022-01-11,14.3,6.2,68.0,1019.6,0.0,13.6
2022-01-12,13.8,5.1,58.0,1017.8,0.0,11.8
2022-01-13,14.7,5.8,66.0,1017.9,0.0,12.6
2022-01-14,14.3,5.5,63.0,1019.1,0.0,15.0
2022-01-15,13.4,5.3,60.0,1020.1,0.0,12.9
2022-01-16,15.0,5.5,61.0,1020.0,0.0,9.8
2022-01-17,12.9,8.5,78.0,1021.2,0.6,15.3
2022-01-18,15.4,7.2,77.0,1019.5,0.0,14.6
2022-01-19,13.6,10.1,81.0,1016.3,13.2,10.0
2022-01-20,15.0,6.5,81.0,1012.3,0.0,8.6
2022-01-21,14.1,8.0,83.0,1012.3,1.8,14.5
2022-01-22,10.4,8.3,82.0,1009.5,15.4,15.8
2022-01-23,10.5,8.1,88.0,1011.1,18.3,16.2
2022-01-24,13.6,6.5,83.0,1014.7,2.2,8.8
2022-01-25,13.6,6.9,77.0,1015.6,0.0,13.0
2022-01-26,13.7,5.7,67.0,1016.1,0.0,10.8
2022-01-27,14.3,4.9,64.0,1017.8,0.0,11.3
2022-01-28,14.3,5.1,64.0,1017.1,0.0,13.5
2022-01-29,15.8,6.8,57.0,1017.5,0.0,12.0
2022-01-30,15.8,6.2,60.0,1013.3,0.0,13.9
2022-01-31,16.9,8.2,59.0,1011.4,0.6,12.8
2022-02-01,15.6,8.0,64.0,1013.1,0.0,17.7
2022-02-02,15.6,7.7,69.0,1010.8,0.8,10.4
2022-02-03,14.2,7.4,77.0,1010.5,0.3,21.9
2022-02-04,14.3,6.4,75.0,1011.0,0.0,11.4
2022-02-05,15.0,7.6,70.0,1014.2,0.0,11.6
2022-02-06,16.2,9.0,68.0,1016.3,6.7,15.9
2022-02-07,16.0,6.3,70.0,1017.4,0.0,14.5
2022-02-08,16.0,7.4,70.0,1014.9,0.0,12.1
2022-02-09,15.5,7.0,62.0,1016.9,0.0,14.3
2022-02-10,16.6,6.6,51.0,1018.9,0.0,12.6
2022-02-11,16.6,8.1,53.0,1017.1,0.0,16.0
2022-02-12,18.1,7.4,53.0,1014.5,0.0,11.2
2022-02-13,18.8,10.0,53.0,1013.6,0.0,12.3
2022-02-14,17.5,12.6,62.0,1014.2,0.0,11.3
2022-02-15,18.7,12.1,59.0,1014.5,0.0,8.8
2022-02-16,19.1,8.9,59.0,1012.6,1.6,12.6
2022-02-17,16.6,8.4,67.0,1013.0,1.0,21.4
2022-02-18,18.1,7.4,69.0,1014.9,0.0,13.0
2022-02-19,19.1,9.6,50.0,1015.2,0.0,13.2
2022-02-20,20.0,8.4,46.0,1009.5,0.0,21.4
2022-02-21,21.6,8.7,37.0,1007.7,0.0,15.4
2022-02-22,18.3,11.7,54.0,1010.0,6.2,20.5
2022-02-23,13.7,10.5,87.0,1014.7,37.9,25.9
2022-02-24,16.1,9.7,78.0,1018.4,10.6,7.8
2022-02-25,15.0,7.5,80.0,1018.7,28.7,17.4
2022-02-26,15.2,7.6,75.0,1020.0,8.4,13.4
2022-02-27,16.8,7.4,66.0,1021.8,0.0,14.1
2022-02-28,17.9,8.2,60.0,1017.8,0.0,12.8
2022-03-01,20.0,11.8,55.0,1017.8,0.2,9.7
2022-03-02,19.5,11.9,62.0,1018.0,0.0,14.0
2022-03-03,16.9,11.6,71.0,1017.8,1.9,25.1
2022-03-04,19.1,8.6,65.0,1019.7,0.0,16.8
2022-03-05,20.4,10.5,59.0,1015.6,0.0,14.3
2022-03-06,16.6,12.3,73.0,1014.3,34.5,16.5
2022-03-07,19.3,12.0,78.0,1018.6,8.8,11.4
2022-03-08,20.2,11.5,68.0,1017.1,0.0,15.8
2022-03-09,20.9,11.7,73.0,1016.4,4.1,19.6
2022-03-10,22.2,12.5,65.0,1014.8,0.0,17.7
2022-03-11,23.8,14.1,60.0,1014.4,0.0,13.0
2022-03-12,25.1,15.9,57.0,1012.4,0.0,11.8
2022-03-13,26.2,15.3,52.0,1011.9,0.0,14.7
2022-03-14,28.1,18.2,52.0,1011.2,0.0,14.3
2022-03-15,27.4,19.0,53.0,1010.0,0.0,12.0
2022-03-16,28.7,19.3,53.0,1007.8,0.0,14.9
2022-03-17,29.6,19.2,50.0,1007.2,0.0,14.1
2022-03-18,29.5,20.0,58.0,1008.2,0.7,25.3
2022-03-19,26.0,17.3,73.0,1008.9,13.9,27.5
2022-03-20,27.0,16.3,60.0,1006.8,0.3,15.3
2022-03-21,28.1,17.1,52.0,1009.5,0.0,13.6
2022-03-22,28.9,16.5,49.0,1008.9,0.0,14.8
2022-03-23,29.9,20.1,40.0,1007.3,0.1,13.4
2022-03-24,27.3,17.6,47.0,1008.2,0.0,9.7
2022-03-25,27.7,17.9,43.0,1009.2,0.0,16.5
2022-03-26,29.1,17.6,40.0,1010.2,0.0,16.1
2022-03-27,31.9,22.1,26.0,1008.5,0.0,14.2
2022-03-28,32.1,22.5,32.0,1007.8,0.0,14.8
2022-03-29,30.9,22.7,36.0,1007.1,0.0,14.4
2022-03-30,30.2,19.4,35.0,1007.6,0.0,15.1
2022-03-31,30.3,17.8,30.0,1010.0,0.0,18.0
2022-04-01,30.6,18.5,28.0,1008.1,0.0,17.1
2022-04-02,33.6,22.8,20.0,1007.6,0.0,17.5
2022-04-03,32.1,20.6,31.0,1009.8,0.0,18.4
2022-04-04,31.1,19.0,33.0,1009.6,0.0,17.2
2022-04-05,32.0,20.3,33.0,1011.5,0.0,17.1
2022-04-06,32.9,21.8,30.0,1011.3,0.0,13.9
2022-04-07,33.9,20.7,31.0,1010.4,0.0,13.3
2022-04-08,35.5,21.1,31.0,1007.5,0.0,13.2
2022-04-09,34.6,23.6,28.0,1006.8,0.0,18.7
2022-04-10,34.2,21.0,33.0,1006.2,0.0,17.6
2022-04-11,34.6,24.4,31.0,1004.2,0.0,10.6
2022-04-12,34.9,24.4,28.0,1004.1,0.1,33.6
2022-04-13,32.0,21.1,41.0,1005.7,1.3,26.2
2022-04-14,30.6,20.5,38.0,1005.5,0.5,22.4
2022-04-15,31.4,19.6,33.0,1005.0,0.0,14.4
2022-04-16,32.7,21.9,31.0,1004.1,0.0,12.2
2022-04-17,33.9,24.2,28.0,1004.9,0.0,14.6
2022-04-18,35.5,22.8,29.0,1007.1,0.1,19.1
2022-04-19,33.1,20.9,42.0,1010.5,0.2,24.3
2022-04-20,32.1,21.0,40.0,1008.3,1.0,16.6
2022-04-21,30.7,19.1,43.0,1008.5,0.4,24.0
2022-04-22,28.2,17.9,52.0,1011.6,0.1,17.2
2022-04-23,30.0,18.3,45.0,1010.9,0.0,17.2
2022-04-24,32.0,19.8,36.0,1008.3,0.0,16.3
2022-04-25,30.7,19.4,41.0,1006.4,0.1,15.5
2022-04-26,33.9,21.9,31.0,1007.6,0.0,14.2
2022-04-27,35.4,23.6,27.0,1005.7,0.0,14.6
2022-04-28,37.6,27.0,23.0,1005.1,0.0,16.0
2022-04-29,36.5,23.9,29.0,1006.3,0.0,18.5
2022-04-30,36.1,24.3,26.0,1002.1,0.0,15.0
2022-05-01,38.3,25.9,21.0,1000.9,0.0,14.4
2022-05-02,36.6,27.0,27.0,1000.9,0.0,27.5
2022-05-03,33.6,20.3,40.0,1004.4,0.1,22.4
2022-05-04,28.1,20.6,61.0,1009.0,3.7,27.2
2022-05-05,30.8,19.1,54.0,1008.3,0.0,14.3
2022-05-06,33.3,20.4,43.0,1006.9,0.0,16.1
2022-05-07,34.2,20.8,35.0,1006.5,0.0,13.0
2022-05-08,37.4,24.3,32.0,1003.3,0.0,10.3
2022-05-09,37.0,29.1,26.0,1003.5,0.0,19.2
2022-05-10,37.3,24.8,33.0,1004.1,0.0,18.0
2022-05-11,37.3,26.4,31.0,1001.9,0.0,13.6
2022-05-12,38.7,26.6,24.0,1000.2,0.0,18.5
2022-05-13,38.0,25.7,24.0,999.2,0.0,17.8
2022-05-14,40.4,24.5,16.0,997.6,0.0,14.3
2022-05-15,41.1,27.2,16.0,998.2,0.0,18.8
2022-05-16,37.5,26.3,22.0,1000.2,0.0,17.0
2022-05-17,36.5,28.4,23.0,1000.8,0.0,23.7
2022-05-18,36.8,22.7,28.0,1003.2,0.0,15.3
2022-05-19,37.4,25.4,26.0,1002.4,0.3,16.5
2022-05-20,34.7,24.6,31.0,1000.3,0.3,30.4
2022-05-21,35.6,23.1,31.0,998.0,0.0,13.8
2022-05-22,35.1,24.2,24.0,994.7,0.0,17.4
2022-05-23,29.3,22.1,34.0,998.8,0.9,24.5
2022-05-24,30.7,20.7,45.0,1005.7,0.0,23.8
2022-05-25,32.1,20.4,47.0,1006.3,0.0,12.0
2022-05-26,35.3,23.9,39.0,1002.5,0.0,11.8
2022-05-27,37.0,27.5,33.0,999.7,0.0,16.9
2022-05-28,36.2,24.9,34.0,998.8,0.0,19.6
2022-05-29,36.1,26.0,32.0,999.3,0.0,17.1
2022-05-30,36.7,23.6,30.0,1000.2,0.0,16.5
2022-05-31,35.8,26.1,29.0,1001.6,0.0,23.7
2022-06-01,35.5,23.0,32.0,1002.2,0.0,30.0
2022-06-02,36.9,25.8,22.0,1001.8,0.0,14.5
2022-06-03,37.6,27.5,20.0,1000.1,0.0,14.5
2022-06-04,39.2,26.7,16.0,1000.3,0.0,12.8
2022-06-05,40.3,28.2,15.0,999.9,0.0,18.5
2022-06-06,40.5,26.3,15.0,999.2,0.0,13.7
2022-06-07,40.7,27.2,15.0,998.5,0.0,20.7
2022-06-08,40.6,26.5,18.0,998.0,0.0,24.4
2022-06-09,40.8,29.5,16.0,996.9,0.0,26.3
2022-06-10,40.4,28.3,19.0,998.2,0.0,22.2
2022-06-11,38.8,29.2,23.0,998.7,0.0,22.7
2022-06-12,39.6,26.3,21.0,999.5,0.0,19.2
2022-06-13,38.5,27.3,24.0,1002.5,0.2,24.8
2022-06-14,40.7,29.4,21.0,1000.0,0.0,13.8
2022-06-15,42.0,31.2,19.0,997.4,0.0,18.1
2022-06-16,38.0,31.3,28.0,998.5,0.3,26.0
2022-06-17,33.3,24.2,50.0,1000.7,3.6,24.5
2022-06-18,30.8,22.2,61.0,1002.3,2.3,23.4
2022-06-19,31.0,21.5,59.0,1002.3,0.0,20.1
2022-06-20,30.6,20.8,60.0,1000.3,1.6,26.8
2022-06-21,25.9,19.7,76.0,1000.6,16.5,17.2
2022-06-22,27.3,18.0,76.0,1007.0,16.5,26.4
2022-06-23,30.8,18.9,59.0,1006.7,0.0,18.4
2022-06-24,33.3,23.5,46.0,1002.1,0.0,12.0
2022-06-25,35.6,24.7,43.0,999.3,0.0,16.9
2022-06-26,36.9,27.0,41.0,1000.6,0.0,15.9
2022-06-27,37.4,27.7,43.0,1001.5,0.0,15.6
2022-06-28,38.7,28.7,42.0,998.0,0.0,12.7
2022-06-29,39.4,29.8,44.0,994.4,0.0,21.7
2022-06-30,37.4,27.0,63.0,996.5,0.7,31.1
2022-07-01,30.9,24.1,79.0,1000.5,12.8,27.7
2022-07-02,33.9,26.2,66.0,998.4,0.0,12.0
2022-07-03,34.1,27.0,69.0,999.5,0.5,15.9
2022-07-04,35.1,26.3,70.0,999.4,0.4,13.2
2022-07-05,34.1,26.5,72.0,999.5,0.6,16.0
2022-07-06,34.0,27.1,77.0,1002.7,5.7,14.9
2022-07-07,33.9,26.5,77.0,1004.6,0.8,8.2
2022-07-08,33.5,27.5,71.0,1000.9,0.7,16.0
2022-07-09,33.5,25.0,78.0,998.9,18.8,21.2
2022-07-10,31.1,23.3,80.0,1001.4,44.5,11.6
2022-07-11,30.5,23.0,85.0,1002.9,20.0,12.6
2022-07-12,31.0,23.4,80.0,1001.2,3.5,15.0
2022-07-13,29.4,23.3,85.0,999.7,19.8,13.6
2022-07-14,29.3,22.8,85.0,1001.1,32.0,14.6
2022-07-15,30.3,21.8,78.0,1003.9,3.2,22.9
2022-07-16,33.8,24.7,65.0,1002.9,1.2,9.1
2022-07-17,33.3,27.4,67.0,1004.4,0.1,8.3
2022-07-18,33.5,25.9,65.0,1002.6,0.0,11.0
2022-07-19,33.9,27.6,65.0,1000.1,0.0,11.1
2022-07-20,32.1,26.2,76.0,999.0,4.6,23.0
2022-07-21,26.7,23.6,90.0,1002.2,28.8,26.9
2022-07-22,29.7,23.9,85.0,1004.7,0.6,8.4
2022-07-23,29.9,25.4,82.0,1004.4,11.2,15.6
2022-07-24,29.1,24.9,85.0,1004.7,10.0,13.5
2022-07-25,29.8,24.9,85.0,1006.3,5.7,14.6
2022-07-26,31.2,24.2,80.0,1006.8,0.4,12.2
2022-07-27,29.0,24.6,87.0,1006.1,4.4,16.9
2022-07-28,27.5,24.0,88.0,1006.2,24.8,17.1
2022-07-29,29.3,24.1,84.0,1005.0,9.7,14.6
2022-07-30,31.0,24.0,82.0,1002.9,2.7,7.3
2022-07-31,28.7,22.7,86.0,1000.8,14.6,13.0
2022-08-01,29.7,21.9,82.0,1002.0,12.3,10.0
2022-08-02,31.7,23.6,74.0,1001.0,0.0,11.6
2022-08-03,32.6,25.7,65.0,1002.0,0.0,8.9
2022-08-04,33.5,25.9,60.0,1002.5,0.0,11.8
2022-08-05,30.7,25.4,79.0,1002.5,0.6,17.8
2022-08-06,31.3,24.9,79.0,1000.6,0.4,12.9
2022-08-07,32.2,25.5,75.0,999.6,0.4,13.3
2022-08-08,31.6,23.3,79.0,1001.1,12.0,17.9
2022-08-09,32.3,24.5,75.0,1001.2,1.1,13.5
2022-08-10,33.4,26.6,71.0,998.6,0.0,12.2
2022-08-11,30.9,24.7,78.0,1001.6,0.5,29.3
2022-08-12,32.3,23.8,75.0,1002.4,0.0,12.2
2022-08-13,33.8,25.8,69.0,1000.1,0.0,15.7
2022-08-14,33.9,26.2,69.0,1001.9,0.5,15.2
2022-08-15,29.1,23.2,87.0,1005.6,18.5,19.5
2022-08-16,30.7,23.5,85.0,1004.5,12.9,12.0
2022-08-17,29.2,23.6,88.0,1004.9,13.1,18.4
2022-08-18,30.5,23.9,84.0,1003.1,0.0,12.0
2022-08-19,32.0,24.8,71.0,1001.8,0.0,9.9
2022-08-20,30.3,23.1,83.0,1003.2,9.8,13.6
2022-08-21,29.5,22.2,82.0,1003.7,6.2,17.0
2022-08-22,31.2,24.1,75.0,1000.9,0.0,12.9
2022-08-23,32.2,24.7,69.0,1002.8,0.0,13.1
2022-08-24,28.8,24.0,84.0,1006.6,7.7,21.7
2022-08-25,28.9,23.0,87.0,1006.3,28.5,10.6
2022-08-26,28.6,22.3,85.0,1005.7,5.2,13.0
2022-08-27,29.4,22.2,83.0,1004.1,0.0,13.4
2022-08-28,30.8,23.1,79.0,1003.4,0.2,7.2
2022-08-29,30.6,23.7,74.0,1007.1,1.4,14.0
2022-08-30,31.6,24.6,72.0,1008.5,0.1,9.2
2022-08-31,32.0,24.8,68.0,1005.6,0.0,9.5
2022-09-01,32.4,26.7,66.0,1005.2,0.0,7.7
2022-09-02,32.3,26.0,70.0,1006.6,0.3,13.8
2022-09-03,31.5,25.4,72.0,1003.9,0.2,12.8
2022-09-04,29.4,22.7,76.0,1002.7,7.6,25.5
2022-09-05,28.2,22.3,81.0,1005.8,6.3,15.8
2022-09-06,30.1,22.8,75.0,1007.0,0.3,7.1
2022-09-07,31.3,24.8,70.0,1008.3,0.0,9.3
2022-09-08,32.6,25.2,66.0,1008.7,0.0,9.1
2022-09-09,31.7,25.9,69.0,1008.6,0.1,16.5
2022-09-10,30.0,23.2,77.0,1008.0,5.5,22.8
2022-09-11,28.7,22.9,82.0,1006.6,13.5,12.3
2022-09-12,28.6,20.3,83.0,1005.7,6.0,20.4
2022-09-13,30.2,23.7,73.0,1005.4,0.0,12.4
2022-09-14,30.8,23.4,66.0,1005.4,0.0,10.6
2022-09-15,31.4,24.4,60.0,1003.3,0.0,9.5
2022-09-16,30.6,24.8,70.0,1000.6,0.1,16.6
2022-09-17,29.4,22.1,77.0,1003.1,5.1,11.9
2022-09-18,30.7,22.3,65.0,1006.3,0.0,14.5
2022-09-19,31.6,22.9,56.0,1006.3,0.0,11.4
2022-09-20,32.3,23.8,59.0,1006.2,0.0,11.3
2022-09-21,32.1,24.4,63.0,1006.5,0.2,11.6
2022-09-22,31.8,23.3,65.0,1006.2,0.0,9.9
2022-09-23,32.3,24.1,64.0,1005.3,0.0,17.9
2022-09-24,30.9,23.2,70.0,1004.5,0.0,18.3
2022-09-25,28.0,21.2,76.0,1004.8,1.0,16.6
2022-09-26,28.0,19.8,76.0,1010.3,2.5,11.7
2022-09-27,29.4,21.8,69.0,1007.7,0.0,10.6
2022-09-28,29.9,22.7,65.0,1006.9,0.0,9.6
2022-09-29,29.8,22.9,64.0,1007.0,0.0,9.0
2022-09-30,31.4,23.9,53.0,1006.8,0.2,10.8
2022-10-01,31.6,23.3,48.0,1005.7,0.0,10.9
2022-10-02,30.5,21.3,52.0,1007.3,0.5,23.2
2022-10-03,30.7,21.8,49.0,1008.0,0.0,12.1
2022-10-04,30.9,21.2,48.0,1010.0,0.0,16.3
2022-10-05,31.2,20.7,44.0,1008.3,0.0,11.1
2022-10-06,29.7,21.5,41.0,1009.2,0.3,23.3
2022-10-07,29.8,18.3,54.0,1011.2,1.1,17.6
2022-10-08,29.0,20.8,52.0,1011.5,0.0,18.2
2022-10-09,29.5,20.9,49.0,1010.6,0.0,17.0
2022-10-10,28.7,21.5,49.0,1011.7,0.0,10.1
2022-10-11,28.5,20.7,56.0,1010.8,0.0,18.2
2022-10-12,27.0,18.0,62.0,1012.9,0.1,13.0
2022-10-13,26.8,18.4,59.0,1013.5,0.0,12.4
2022-10-14,27.9,18.7,54.0,1013.2,0.0,13.0
2022-10-15,28.2,18.7,50.0,1011.6,0.0,12.6
2022-10-16,28.6,22.0,45.0,1014.0,0.0,9.0
2022-10-17,29.2,19.7,43.0,1013.8,0.0,9.0
2022-10-18,28.8,20.7,37.0,1012.2,0.0,14.3
2022-10-19,29.3,17.8,41.0,1012.4,3.1,20.2
2022-10-20,23.8,15.5,59.0,1015.7,0.3,22.4
2022-10-21,25.4,16.3,46.0,1018.5,0.0,15.3
2022-10-22,26.1,15.7,43.0,1018.4,0.0,10.9
2022-10-23,26.9,15.0,45.0,1017.1,0.0,10.8
2022-10-24,26.0,15.9,47.0,1012.8,0.0,12.1
2022-10-25,26.1,15.4,49.0,1010.0,0.0,13.6
2022-10-26,28.1,20.3,41.0,1013.4,0.0,10.0
2022-10-27,27.0,18.1,44.0,1014.0,0.0,14.6
2022-10-28,26.9,17.0,44.0,1014.0,0.0,12.5
2022-10-29,26.7,16.3,40.0,1014.3,0.0,12.3
2022-10-30,26.7,18.2,44.0,1015.2,0.0,13.2
2022-10-31,26.3,17.4,50.0,1014.8,0.0,9.4
2022-11-01,25.8,15.3,57.0,1016.1,2.4,10.8
2022-11-02,25.9,17.4,48.0,1015.4,0.0,15.8
2022-11-03,25.8,17.7,53.0,1012.9,0.0,12.7
2022-11-04,25.1,20.4,53.0,1014.1,0.0,8.3
2022-11-05,24.1,16.0,72.0,1017.0,11.6,15.2
2022-11-06,19.1,14.3,81.0,1019.1,17.8,15.6
2022-11-07,21.4,14.2,73.0,1017.9,7.0,14.4
2022-11-08,22.2,12.4,67.0,1017.5,0.0,12.0
2022-11-09,17.6,13.4,75.0,1017.9,22.5,22.4
2022-11-10,20.3,11.1,71.0,1020.1,0.0,12.8
2022-11-11,20.2,11.9,59.0,1019.0,0.0,13.0
2022-11-12,20.5,11.6,55.0,1017.8,0.0,13.2
2022-11-13,18.4,10.7,61.0,1016.5,5.9,16.6
2022-11-14,14.3,10.2,85.0,1019.0,23.8,14.2
2022-11-15,18.4,9.8,76.0,1018.6,0.0,11.7
2022-11-16,19.7,11.2,65.0,1015.9,0.0,9.6
2022-11-17,18.9,11.3,66.0,1016.1,0.0,19.1
2022-11-18,20.5,11.2,63.0,1016.2,0.0,9.4
2022-11-19,17.0,11.6,65.0,1018.5,0.4,15.2
2022-11-20,18.2,9.6,68.0,1017.3,0.0,14.3
2022-11-21,18.8,9.7,58.0,1015.2,0.0,13.1
2022-11-22,19.3,10.8,55.0,1014.9,0.0,14.3
2022-11-23,19.2,9.4,51.0,1015.1,0.0,13.3
2022-11-24,20.8,10.3,47.0,1014.0,0.0,12.9
2022-11-25,20.5,12.3,50.0,1017.5,0.0,11.0
2022-11-26,20.1,9.7,59.0,1014.3,0.0,12.7
2022-11-27,20.2,10.0,59.0,1012.1,0.0,11.0
2022-11-28,20.1,13.1,60.0,1013.8,0.0,6.6
2022-11-29,19.3,8.8,63.0,1016.2,0.0,10.4
2022-11-30,19.6,11.1,58.0,1017.1,0.0,9.7
2022-12-01,19.1,8.9,57.0,1015.4,0.0,10.7
2022-12-02,20.3,11.0,59.0,1014.4,0.0,12.3
2022-12-03,18.7,11.7,66.0,1016.4,0.0,10.9
2022-12-04,17.6,9.4,64.0,1016.6,0.0,13.0
2022-12-05,18.6,12.1,57.0,1018.0,0.0,9.8
2022-12-06,17.5,8.4,62.0,1017.6,0.0,12.3
2022-12-07,18.1,8.3,57.0,1016.3,0.0,14.0
2022-12-08,17.9,8.9,56.0,1016.5,1.0,11.7
2022-12-09,18.3,9.1,69.0,1016.5,0.2,10.6
2022-12-10,18.6,11.3,65.0,1017.8,1.8,13.5
2022-12-11,16.4,9.1,63.0,1018.7,0.0,15.1
2022-12-12,17.8,8.6,65.0,1017.0,0.0,11.4
2022-12-13,16.8,8.4,67.0,1019.7,0.0,16.0
2022-12-14,17.3,8.5,60.0,1016.5,0.0,14.0
2022-12-15,17.4,7.6,55.0,1015.1,0.0,13.4
2022-12-16,18.8,9.4,53.0,1013.5,0.0,11.2
2022-12-17,18.1,8.0,57.0,1015.9,0.0,12.0
2022-12-18,19.0,10.8,54.0,1016.2,0.0,9.6
2022-12-19,17.6,11.1,63.0,1015.4,0.0,11.0
2022-12-20,16.9,10.7,65.0,1014.6,0.0,9.1
2022-12-21,17.2,11.0,61.0,1016.0,0.0,7.9
2022-12-22,16.0,9.0,65.0,1015.8,0.0,8.2
2022-12-23,15.8,6.2,61.0,1014.4,0.0,10.9
2022-12-24,13.8,7.4,74.0,1018.2,0.0,14.5
2022-12-25,13.6,5.0,66.0,1017.6,0.0,10.7
2022-12-26,14.4,6.8,62.0,1019.5,0.0,9.6
2022-12-27,15.4,5.1,61.0,1019.3,0.0,13.5
2022-12-28,16.8,7.5,55.0,1018.0,0.0,13.0
2022-12-29,14.9,7.4,67.0,1019.5,8.2,14.0
2022-12-30,13.5,7.4,85.0,1022.9,0.0,13.0
2022-12-31,14.0,6.7,76.0,1020.6,0.0,13.7
2023-01-01,14.8,6.3,62.0,1020.4,0.0,10.5
2023-01-02,13.7,4.4,63.0,1022.0,0.0,11.4
2023-01-03,13.6,5.2,63.0,1023.5,0.0,12.5
2023-01-04,14.0,4.4,57.0,1023.2,0.0,13.9
2023-01-05,14.6,7.9,52.0,1023.8,0.0,9.4
2023-01-06,13.3,7.4,59.0,1024.2,0.0,7.6
2023-01-07,14.6,6.6,63.0,1022.5,0.0,11.6
2023-01-08,12.8,7.7,72.0,1020.3,0.8,12.1
2023-01-09,15.2,6.6,79.0,1021.0,1.3,15.3
2023-01-10,16.5,7.2,75.0,1019.8,0.0,13.2
2023-01-11,13.5,9.9,79.0,1014.5,14.8,16.7
2023-01-12,11.5,6.7,85.0,1014.5,23.4,16.2
2023-01-13,8.0,3.4,85.0,1016.3,19.8,14.0
2023-01-14,11.6,1.6,75.0,1019.4,0.0,14.8
2023-01-15,12.1,4.1,67.0,1016.4,0.0,14.7
2023-01-16,12.0,2.8,66.0,1018.2,0.0,12.6
2023-01-17,11.9,2.9,60.0,1018.0,0.0,13.5
2023-01-18,13.0,3.0,59.0,1020.0,0.0,12.3
2023-01-19,14.2,7.6,49.0,1020.2,0.0,9.4
2023-01-20,13.8,6.0,61.0,1019.2,0.2,16.7
2023-01-21,12.6,5.6,78.0,1020.5,0.0,15.3
2023-01-22,12.8,2.9,76.0,1019.6,0.0,11.3
2023-01-23,12.5,3.7,76.0,1020.7,0.0,14.1
2023-01-24,12.1,4.1,82.0,1016.8,14.2,12.6
2023-01-25,12.4,5.2,81.0,1018.4,3.7,11.2
2023-01-26,13.4,4.5,73.0,1021.4,0.0,16.1
2023-01-27,14.7,4.6,65.0,1020.6,0.0,14.7
2023-01-28,14.9,5.8,61.0,1016.4,0.0,14.5
2023-01-29,15.5,7.2,64.0,1013.6,2.4,30.7
2023-01-30,11.0,6.4,85.0,1019.8,19.9,19.8
2023-01-31,14.7,5.3,74.0,1022.5,0.0,17.1
2023-02-01,16.1,6.8,61.0,1019.9,0.0,16.3
2023-02-02,17.7,10.0,58.0,1018.1,0.0,16.6
2023-02-03,15.6,9.0,65.0,1017.4,0.4,13.5
2023-02-04,18.3,7.8,70.0,1015.8,0.0,14.5
2023-02-05,18.6,9.0,70.0,1013.1,0.1,15.0
2023-02-06,16.7,9.9,75.0,1015.1,4.4,12.7
2023-02-07,16.6,7.8,64.0,1014.3,0.0,15.9
2023-02-08,17.9,10.4,56.0,1014.9,1.0,9.8
2023-02-09,13.6,8.0,66.0,1013.4,18.2,16.5
2023-02-10,16.9,7.1,70.0,1012.8,5.8,18.5
2023-02-11,14.3,3.8,62.0,1016.6,0.0,14.6
2023-02-12,14.9,5.0,55.0,1021.2,0.0,16.9
2023-02-13,15.2,5.0,53.0,1018.2,0.0,15.1
2023-02-14,18.7,7.3,55.0,1016.9,0.0,14.3
2023-02-15,20.7,10.2,59.0,1015.1,0.0,15.3
2023-02-16,22.7,13.0,57.0,1015.7,0.0,11.5
2023-02-17,22.6,13.7,53.0,1017.3,0.0,9.2
2023-02-18,22.3,14.3,55.0,1015.8,0.0,10.8
2023-02-19,23.8,15.7,52.0,1014.2,0.0,13.0
2023-02-20,19.0,11.3,69.0,1013.1,12.2,15.8
2023-02-21,21.4,9.5,66.0,1014.2,0.0,13.8
2023-02-22,21.3,11.5,54.0,1014.7,0.0,9.1
2023-02-23,21.4,11.5,50.0,1015.2,0.0,18.4
2023-02-24,22.5,15.0,44.0,1015.8,0.0,10.4
2023-02-25,21.9,12.3,48.0,1017.6,0.1,22.7
2023-02-26,20.2,11.2,68.0,1020.8,3.2,17.1
2023-02-27,22.1,12.0,55.0,1019.9,0.0,14.3
2023-02-28,20.9,13.0,55.0,1020.3,0.0,9.8
2023-03-01,19.1,11.8,70.0,1022.6,2.6,15.5
2023-03-02,16.8,12.0,85.0,1023.0,16.8,14.8
2023-03-03,20.4,9.4,75.0,1022.6,0.0,14.3
2023-03-04,22.5,12.4,62.0,1020.8,0.0,10.9
2023-03-05,23.1,14.3,55.0,1020.4,0.0,13.1
2023-03-06,23.7,13.5,52.0,1017.1,0.0,11.4
2023-03-07,24.4,14.0,47.0,1016.5,0.0,10.5
2023-03-08,24.8,14.2,46.0,1017.0,0.0,12.6
2023-03-09,25.7,14.5,48.0,1017.6,0.0,17.3
2023-03-10,25.4,16.4,43.0,1016.2,0.0,9.7
2023-03-11,26.9,20.0,39.0,1015.5,0.0,14.5
2023-03-12,23.6,15.6,61.0,1017.1,0.4,19.9
2023-03-13,26.0,14.5,56.0,1015.3,0.0,14.3
2023-03-14,27.3,16.3,45.0,1011.7,0.0,12.7
2023-03-15,28.7,15.3,41.0,1009.5,0.0,15.8
2023-03-16,24.6,16.2,59.0,1012.1,3.2,19.0
2023-03-17,19.0,13.6,77.0,1015.3,8.0,19.0
2023-03-18,22.2,12.8,71.0,1013.2,0.2,14.1
2023-03-19,22.6,13.6,65.0,1010.9,1.2,10.8
2023-03-20,23.0,14.5,57.0,1008.7,0.6,9.2
2023-03-21,21.4,13.3,71.0,1010.3,10.9,20.3
2023-03-22,21.8,14.4,64.0,1011.7,0.5,9.5
2023-03-23,20.8,13.0,76.0,1011.5,6.6,16.1
2023-03-24,20.6,13.8,70.0,1009.6,4.0,23.6
2023-03-25,16.9,11.3,83.0,1014.2,13.6,19.2
2023-03-26,21.7,9.8,67.0,1014.4,0.1,14.7
2023-03-27,23.4,13.3,60.0,1011.5,0.0,11.9
2023-03-28,24.5,14.5,53.0,1011.1,0.0,12.8
2023-03-29,21.4,14.7,66.0,1013.1,3.8,20.4
2023-03-30,20.5,12.9,77.0,1011.6,1.4,17.2
2023-03-31,20.3,14.1,82.0,1009.9,5.4,12.4
2023-04-01,19.4,12.4,80.0,1011.1,10.5,17.3
2023-04-02,21.4,13.4,73.0,1010.7,3.5,8.7
2023-04-03,18.7,13.3,84.0,1009.7,22.4,17.0
2023-04-04,21.1,11.9,77.0,1012.7,6.9,9.4
2023-04-05,22.3,12.3,64.0,1012.6,0.7,26.4
2023-04-06,22.1,12.6,65.0,1016.0,0.3,22.4
2023-04-07,24.7,13.8,54.0,1016.7,0.0,16.8
2023-04-08,26.8,15.3,46.0,1015.7,0.0,13.4
2023-04-09,28.3,16.6,42.0,1015.5,0.0,12.3
2023-04-10,28.5,17.2,46.0,1013.8,0.0,14.0
2023-04-11,30.0,19.6,43.0,1013.5,0.0,23.7
2023-04-12,30.3,19.9,41.0,1012.8,0.0,13.0
2023-04-13,30.9,20.3,42.0,1010.9,0.0,14.0
2023-04-14,32.9,22.3,36.0,1009.4,0.0,11.5
2023-04-15,34.5,21.5,28.0,1008.5,0.0,13.4
2023-04-16,29.1,18.9,51.0,1010.3,0.3,29.7
2023-04-17,30.6,18.2,48.0,1009.7,2.7,16.9
2023-04-18,27.6,18.3,66.0,1011.4,18.3,21.5
2023-04-19,24.3,15.2,77.0,1009.2,25.5,22.9
2023-04-20,23.1,14.4,74.0,1006.6,10.3,17.2
2023-04-21,23.8,13.2,65.0,1008.1,0.4,8.5
2023-04-22,23.2,14.8,52.0,1009.2,0.9,10.2
2023-04-23,27.2,16.2,48.0,1008.9,0.0,11.9
2023-04-24,29.9,18.7,40.0,1010.5,0.0,10.1
2023-04-25,30.2,19.9,38.0,1011.4,0.4,20.8
2023-04-26,29.0,18.6,53.0,1009.3,11.8,22.4
2023-04-27,27.7,16.7,56.0,1009.9,1.0,14.2
2023-04-28,28.8,16.8,54.0,1011.6,0.3,14.1
2023-04-29,29.6,18.2,51.0,1008.6,0.0,11.8
2023-04-30,29.8,20.3,48.0,1006.5,0.0,19.4
2023-05-01,23.2,17.6,74.0,1008.4,8.7,30.6
2023-05-02,22.6,16.9,80.0,1011.1,5.2,14.2
2023-05-03,24.0,16.1,73.0,1011.9,0.0,14.4
2023-05-04,25.3,18.0,68.0,1012.0,0.7,14.0
2023-05-05,26.6,16.5,63.0,1010.0,0.0,12.0
2023-05-06,25.8,19.2,61.0,1007.9,5.0,20.2
2023-05-07,25.2,16.5,64.0,1008.2,4.2,23.3
2023-05-08,25.2,14.6,62.0,1008.4,3.8,17.7
2023-05-09,28.0,15.7,46.0,1011.0,0.0,16.1
2023-05-10,30.9,18.0,42.0,1008.3,0.0,17.6
2023-05-11,33.6,20.8,35.0,1007.9,0.0,12.4
2023-05-12,35.2,21.3,30.0,1006.8,0.0,14.1
2023-05-13,34.8,22.8,36.0,1007.5,0.8,18.8
2023-05-14,32.8,20.7,38.0,1005.3,0.0,16.8
2023-05-15,34.8,20.0,30.0,1003.6,0.0,15.7
2023-05-16,32.8,22.1,35.0,1005.8,0.7,17.9
2023-05-17,35.7,22.4,36.0,1006.5,0.0,27.7
2023-05-18,30.6,21.9,44.0,1011.3,0.1,20.6
2023-05-19,33.3,20.4,36.0,1007.6,0.0,15.7
2023-05-20,36.1,24.5,25.0,1004.8,0.0,16.6
2023-05-21,39.0,25.3,22.0,1005.0,0.0,15.9
2023-05-22,40.1,25.7,22.0,1005.0,0.0,17.7
2023-05-23,36.1,25.3,32.0,1006.2,0.2,26.2
2023-05-24,30.6,21.8,52.0,1005.7,3.8,24.9
2023-05-25,30.9,21.5,54.0,1005.8,3.9,21.7
2023-05-26,25.8,18.9,67.0,1007.6,15.1,24.3
2023-05-27,30.0,19.2,52.0,1006.8,0.0,11.2
2023-05-28,31.2,22.0,46.0,1007.5,0.0,11.5
2023-05-29,30.9,22.1,56.0,1009.6,0.0,22.2
2023-05-30,28.0,19.5,67.0,1011.2,0.4,14.4
2023-05-31,24.4,18.9,75.0,1008.9,14.4,22.6
2023-06-01,23.3,17.4,87.0,1009.4,28.1,18.2
2023-06-02,28.0,17.1,66.0,1007.6,0.0,11.1
2023-06-03,29.4,20.4,57.0,1007.7,0.0,10.1
2023-06-04,30.9,21.2,54.0,1007.4,0.2,11.0
2023-06-05,31.9,22.5,49.0,1004.9,0.0,12.6
2023-06-06,32.8,22.4,41.0,1004.8,0.0,14.0
2023-06-07,30.5,23.9,52.0,1005.5,0.6,25.4
2023-06-08,34.2,24.3,48.0,1004.2,0.0,7.2
2023-06-09,36.3,26.6,39.0,1000.5,0.0,17.4
2023-06-10,38.5,26.2,43.0,998.9,1.0,15.2
2023-06-11,35.8,25.0,50.0,1000.1,0.0,15.2
2023-06-12,35.0,26.3,45.0,999.2,0.7,14.8
2023-06-13,36.8,27.1,41.0,999.2,0.5,12.1
2023-06-14,35.7,26.3,41.0,999.2,0.0,21.9
2023-06-15,33.6,24.4,50.0,1001.5,0.0,20.6
2023-06-16,33.9,23.9,58.0,1001.3,0.0,12.9
2023-06-17,36.0,26.5,48.0,1001.0,0.0,12.2
2023-06-18,37.5,28.1,43.0,1000.8,0.0,20.0
2023-06-19,36.4,26.0,52.0,1000.8,0.0,16.9
2023-06-20,39.0,29.2,42.0,998.9,0.0,11.6
2023-06-21,39.9,30.5,41.0,999.0,0.0,19.3
2023-06-22,41.4,31.0,45.0,998.7,0.0,17.9
2023-06-23,42.2,31.3,49.0,998.4,0.0,24.9
2023-06-24,39.6,30.5,50.0,998.5,0.0,22.6
2023-06-25,37.1,28.1,60.0,999.1,6.5,28.0
2023-06-26,31.1,23.7,74.0,1003.3,15.4,29.0
2023-06-27,34.2,23.6,64.0,1001.8,0.5,14.3
2023-06-28,31.8,23.4,74.0,1003.6,12.5,16.5
2023-06-29,32.5,24.3,69.0,1001.9,5.2,14.7
2023-06-30,32.2,22.4,69.0,1000.5,11.3,22.3
2023-07-01,32.3,22.7,66.0,1000.9,2.4,13.5
2023-07-02,33.6,23.4,65.0,1001.2,0.0,15.5
2023-07-03,35.6,27.6,63.0,1000.1,0.0,14.8
2023-07-04,33.0,25.2,75.0,999.3,12.9,17.0
2023-07-05,30.1,22.4,81.0,1000.1,18.9,25.1
2023-07-06,30.5,24.0,76.0,1002.9,0.4,12.7
2023-07-07,29.7,22.6,78.0,1004.1,17.9,14.8
2023-07-08,29.1,22.1,76.0,1004.2,12.1,15.2
2023-07-09,31.7,22.4,75.0,1002.6,0.0,15.6
2023-07-10,31.1,21.9,72.0,1003.4,0.4,17.3
2023-07-11,33.1,24.8,60.0,1002.2,0.0,13.4
2023-07-12,34.5,26.6,64.0,1000.9,2.0,18.2
2023-07-13,33.5,24.8,70.0,1001.7,0.0,22.6
2023-07-14,33.1,25.0,72.0,1002.7,1.9,17.6
2023-07-15,31.8,24.8,78.0,1001.8,8.4,17.3
2023-07-16,31.5,25.1,78.0,1002.1,2.5,15.6
2023-07-17,33.8,25.4,69.0,1001.1,0.4,9.1
2023-07-18,33.6,26.4,77.0,1000.3,1.1,17.5
2023-07-19,27.9,24.4,90.0,1001.9,32.7,20.3
2023-07-20,31.2,24.0,83.0,1002.2,2.3,9.0
2023-07-21,33.0,26.7,79.0,1003.0,1.6,15.0
2023-07-22,30.3,25.1,82.0,1006.2,6.7,27.5
2023-07-23,30.5,23.8,80.0,1007.2,4.1,13.7
2023-07-24,32.1,26.1,69.0,1003.8,0.0,7.2
2023-07-25,30.7,24.5,83.0,1003.8,9.2,8.7
2023-07-26,30.3,25.5,83.0,1004.1,5.7,20.3
2023-07-27,30.5,24.0,81.0,1004.0,10.1,19.9
2023-07-28,29.8,23.6,83.0,1001.5,12.4,17.1
2023-07-29,30.0,22.2,80.0,1001.1,8.6,11.3
2023-07-30,31.8,24.8,71.0,1000.3,0.0,11.7
2023-07-31,31.9,24.6,72.0,999.4,1.7,9.5
2023-08-01,33.3,26.9,66.0,998.1,0.0,6.0
2023-08-02,33.3,27.4,70.0,998.0,0.0,18.1
2023-08-03,33.1,23.9,75.0,999.3,4.1,19.8
2023-08-04,34.0,24.9,74.0,1000.7,5.0,16.0
2023-08-05,31.7,24.4,80.0,1003.1,7.3,12.3
2023-08-06,32.0,24.7,79.0,999.5,2.6,10.4
2023-08-07,31.0,22.9,79.0,997.7,7.1,11.7
2023-08-08,32.1,23.7,73.0,998.5,0.2,11.0
2023-08-09,32.9,27.1,73.0,1001.7,0.2,15.4
2023-08-10,32.5,24.2,81.0,1003.6,11.7,21.9
2023-08-11,32.2,24.0,79.0,1004.0,29.6,15.5
2023-08-12,33.3,26.2,72.0,1000.8,0.6,12.6
2023-08-13,34.5,27.5,70.0,997.8,0.1,20.3
2023-08-14,30.7,24.1,82.0,1002.8,29.7,19.3
2023-08-15,30.4,22.4,80.0,1005.5,4.6,10.6
2023-08-16,31.7,25.3,76.0,1004.4,0.0,8.9
2023-08-17,32.1,25.6,74.0,1003.4,0.1,11.9
2023-08-18,32.1,25.1,73.0,1003.9,0.2,13.2
2023-08-19,33.2,26.2,71.0,1004.8,3.3,9.0
2023-08-20,33.7,27.0,72.0,1005.2,0.0,12.6
2023-08-21,34.6,27.8,69.0,1002.8,0.0,10.6
2023-08-22,35.4,28.7,63.0,1000.0,0.0,15.4
2023-08-23,35.2,25.7,70.0,998.3,19.4,28.4
2023-08-24,30.0,23.3,82.0,999.6,41.3,15.0
2023-08-25,29.6,22.5,81.0,1000.1,9.1,11.5
2023-08-26,29.2,21.8,78.0,1002.3,2.7,12.9
2023-08-27,30.8,24.2,68.0,1001.6,0.0,10.5
2023-08-28,31.1,22.6,70.0,1001.4,0.1,15.5
2023-08-29,30.7,23.3,71.0,1004.7,0.0,15.5
2023-08-30,33.0,24.9,61.0,1005.5,0.0,8.8
2023-08-31,32.9,26.0,66.0,1006.2,0.0,14.3
2023-09-01,34.3,27.2,64.0,1005.6,0.1,11.6
2023-09-02,32.8,27.2,65.0,1004.6,0.9,14.5
2023-09-03,31.4,26.3,65.0,1003.8,0.3,7.6
2023-09-04,33.8,26.0,56.0,1003.1,0.0,13.3
2023-09-05,31.6,24.8,62.0,1005.9,0.8,17.5
2023-09-06,32.3,25.5,57.0,1006.6,0.0,10.2
2023-09-07,34.2,26.8,48.0,1005.5,0.0,11.3
2023-09-08,34.8,25.7,44.0,1004.6,0.0,15.9
2023-09-09,34.5,26.6,51.0,1003.6,0.0,21.4
2023-09-10,34.0,26.3,61.0,1001.9,0.0,22.7
2023-09-11,33.4,25.0,68.0,1002.8,0.0,22.5
2023-09-12,34.4,26.5,65.0,1002.7,0.0,16.9
2023-09-13,35.1,27.7,59.0,1002.6,0.0,13.6
2023-09-14,34.0,27.8,64.0,1004.1,1.1,17.6
2023-09-15,34.8,26.9,62.0,1005.2,0.4,23.7
2023-09-16,30.2,23.6,77.0,1006.6,26.1,19.6
2023-09-17,30.4,23.8,76.0,1005.3,4.2,11.7
2023-09-18,29.5,23.0,81.0,1006.1,5.3,14.3
2023-09-19,30.8,23.8,71.0,1008.1,0.0,9.6
2023-09-20,31.1,24.8,69.0,1007.7,0.0,9.3
2023-09-21,30.8,24.6,68.0,1006.7,2.0,20.2
2023-09-22,30.1,23.0,72.0,1007.0,15.3,14.5
2023-09-23,29.9,20.1,75.0,1008.0,5.8,18.4
2023-09-24,29.2,19.3,71.0,1007.2,0.6,13.0
2023-09-25,27.7,19.5,74.0,1008.9,9.8,29.3
2023-09-26,29.1,20.2,61.0,1009.6,0.0,13.7
2023-09-27,29.6,20.4,52.0,1008.9,0.0,11.4
2023-09-28,31.0,22.0,51.0,1007.6,0.0,10.5
2023-09-29,23.5,18.4,69.0,1010.0,1.9,30.5
2023-09-30,27.9,17.7,61.0,1009.9,0.0,16.3
2023-10-01,30.1,18.9,47.0,1007.6,0.0,11.8
2023-10-02,30.6,23.1,31.0,1008.1,0.0,8.2
2023-10-03,29.5,20.9,44.0,1009.3,0.0,13.2
2023-10-04,30.3,22.0,43.0,1009.3,0.0,12.3
2023-10-05,30.4,19.6,42.0,1007.9,0.0,14.7
2023-10-06,32.0,23.9,38.0,1006.2,0.0,13.1
2023-10-07,31.4,23.7,48.0,1007.8,0.0,13.3
2023-10-08,30.0,20.2,55.0,1009.3,3.1,15.4
2023-10-09,29.6,20.2,50.0,1010.0,0.1,22.7
2023-10-10,27.0,18.9,58.0,1013.2,0.0,9.9
2023-10-11,28.4,18.3,54.0,1011.8,0.0,12.2
2023-10-12,28.9,20.7,45.0,1012.5,0.0,13.3
2023-10-13,29.8,19.2,55.0,1013.2,8.5,28.2
2023-10-14,25.3,18.4,77.0,1014.4,12.2,19.4
2023-10-15,24.6,17.6,72.0,1012.3,0.8,12.6
2023-10-16,19.9,15.2,81.0,1013.6,15.5,32.4
2023-10-17,19.4,14.3,81.0,1018.7,22.9,10.6
2023-10-18,21.9,12.6,73.0,1018.0,0.0,14.8
2023-10-19,24.0,14.8,63.0,1016.1,0.0,11.9
2023-10-20,24.7,16.4,58.0,1016.7,0.0,11.5
2023-10-21,24.9,17.0,61.0,1016.7,0.0,13.3
2023-10-22,23.1,16.6,72.0,1018.6,1.7,17.9
2023-10-23,23.8,15.3,60.0,1016.5,0.0,13.8
2023-10-24,25.8,19.4,53.0,1015.8,0.0,10.8
2023-10-25,25.0,16.2,54.0,1016.5,0.0,14.1
2023-10-26,25.3,16.3,52.0,1015.5,0.0,11.5
2023-10-27,25.5,17.7,48.0,1014.3,0.0,11.5
2023-10-28,26.2,14.9,53.0,1014.8,0.0,13.3
2023-10-29,25.7,20.0,55.0,1015.1,0.0,8.0
2023-10-30,25.6,20.7,60.0,1016.0,0.0,8.0
2023-10-31,26.0,20.0,62.0,1017.3,0.0,10.5
2023-11-01,25.6,18.2,70.0,1018.8,0.0,28.2
2023-11-02,24.6,17.0,63.0,1016.5,0.0,10.5
2023-11-03,24.6,16.1,53.0,1013.6,0.0,12.6
2023-11-04,24.3,17.5,51.0,1014.2,0.0,10.8
2023-11-05,24.4,15.1,55.0,1015.3,0.0,12.1
2023-11-06,24.1,18.4,53.0,1017.1,0.0,9.4
2023-11-07,22.2,16.0,68.0,1017.0,0.9,12.5
2023-11-08,23.6,16.3,65.0,1015.6,0.0,8.4
2023-11-09,22.3,13.7,75.0,1015.7,22.6,17.3
2023-11-10,19.3,13.9,80.0,1018.8,22.6,14.4
2023-11-11,20.3,12.4,72.0,1020.2,0.0,12.2
2023-11-12,20.6,12.8,71.0,1019.4,0.0,10.4
2023-11-13,20.8,14.8,69.0,1019.3,0.0,8.4
2023-11-14,20.8,12.4,69.0,1019.3,0.0,11.4
2023-11-15,21.3,12.5,59.0,1018.6,0.0,13.0
2023-11-16,22.0,15.8,56.0,1019.6,0.0,7.3
2023-11-17,21.3,11.5,60.0,1020.0,0.0,11.2
2023-11-18,20.7,12.5,55.0,1017.6,0.0,9.8
2023-11-19,21.7,15.2,57.0,1018.6,0.0,10.1
2023-11-20,20.2,11.4,66.0,1019.2,0.0,12.1
2023-11-21,19.7,13.5,65.0,1017.9,0.0,15.2
2023-11-22,20.6,10.8,65.0,1014.3,0.0,13.0
2023-11-23,20.7,13.3,65.0,1014.7,0.0,13.5
2023-11-24,20.0,10.3,64.0,1018.5,0.0,13.2
2023-11-25,20.2,11.4,60.0,1018.0,0.0,10.6
2023-11-26,20.3,15.6,54.0,1019.2,0.0,6.0
2023-11-27,19.7,12.7,64.0,1017.7,0.0,13.9
2023-11-28,20.0,12.1,63.0,1017.2,0.0,12.1
2023-11-29,20.4,14.1,63.0,1017.0,0.1,11.1
2023-11-30,17.1,10.7,74.0,1018.6,0.8,15.8
2023-12-01,18.5,9.2,73.0,1020.4,0.0,14.8
2023-12-02,19.7,10.5,64.0,1019.2,0.0,12.8
2023-12-03,19.6,12.2,59.0,1018.8,0.0,10.0
2023-12-04,18.4,11.8,59.0,1017.8,0.0,11.5
2023-12-05,18.6,11.5,65.0,1017.8,0.0,13.1
2023-12-06,17.7,9.8,65.0,1018.4,0.0,10.8
2023-12-07,17.9,10.5,57.0,1017.2,0.0,11.0
2023-12-08,19.4,10.1,49.0,1016.0,0.0,10.8
2023-12-09,17.7,8.6,62.0,1017.5,0.0,11.6
2023-12-10,17.1,7.2,59.0,1015.3,0.0,16.0
2023-12-11,18.2,8.6,58.0,1015.2,0.0,11.7
2023-12-12,17.1,9.0,62.0,1015.9,0.0,9.0
2023-12-13,17.2,9.7,59.0,1017.8,0.0,9.4
2023-12-14,15.7,6.4,61.0,1018.3,0.0,13.0
2023-12-15,17.1,9.4,54.0,1019.1,0.0,8.6
2023-12-16,16.0,8.7,65.0,1018.0,0.5,9.5
2023-12-17,15.2,7.5,67.0,1020.3,0.0,14.1
2023-12-18,16.3,7.8,65.0,1021.4,0.0,16.4
2023-12-19,16.1,6.9,60.0,1020.7,0.0,13.0
2023-12-20,17.3,7.6,55.0,1019.4,0.0,13.5
2023-12-21,17.6,9.7,53.0,1018.1,0.0,12.0
2023-12-22,17.5,10.3,50.0,1017.8,0.0,8.7
2023-12-23,18.6,9.6,66.0,1021.6,0.7,14.3
2023-12-24,17.7,10.1,67.0,1022.9,0.0,12.4
2023-12-25,18.9,9.6,56.0,1019.7,0.0,13.0
2023-12-26,18.9,10.7,49.0,1019.3,0.0,8.3
2023-12-27,18.4,8.3,55.0,1021.4,0.0,15.8
2023-12-28,18.2,8.5,58.0,1018.7,0.0,15.7
2023-12-29,17.9,10.0,66.0,1020.5,0.0,13.1
2023-12-30,16.5,9.4,65.0,1019.4,0.0,10.6
2023-12-31,16.7,8.4,63.0,1018.9,0.0,8.9
2024-01-01,16.1,8.5,64.0,1018.8,0.0,11.9
2024-01-02,15.7,7.8,69.0,1017.8,0.0,7.3
2024-01-03,14.4,7.1,86.0,1018.8,0.0,9.4
2024-01-04,14.6,6.7,76.0,1018.7,0.0,8.4
2024-01-05,15.8,7.1,72.0,1018.4,0.0,8.2
2024-01-06,15.4,6.0,71.0,1020.2,0.0,10.8
2024-01-07,15.0,8.7,65.0,1020.5,0.0,5.9
2024-01-08,15.0,7.1,70.0,1020.2,0.0,8.1
2024-01-09,14.9,6.8,68.0,1020.9,0.0,10.6
2024-01-10,15.0,6.4,67.0,1019.2,0.0,14.5
2024-01-11,16.7,7.1,60.0,1018.7,0.0,11.2
2024-01-12,14.9,5.4,66.0,1017.7,0.0,11.5
2024-01-13,16.9,6.8,69.0,1017.2,0.0,8.3
2024-01-14,15.6,5.0,66.0,1018.0,0.0,13.4
2024-01-15,17.0,6.9,58.0,1016.4,0.0,15.3
2024-01-16,15.4,6.1,71.0,1015.2,0.0,15.0
2024-01-17,16.3,7.8,59.0,1015.8,0.0,10.5
2024-01-18,16.6,10.3,53.0,1017.2,0.0,10.1
2024-01-19,16.8,7.1,59.0,1017.8,0.0,18.1
2024-01-20,14.5,7.8,83.0,1019.6,0.0,13.7
2024-01-21,13.9,6.4,82.0,1018.9,0.0,15.2
2024-01-22,13.7,5.6,81.0,1019.2,0.0,12.4
2024-01-23,13.2,4.7,79.0,1020.0,0.0,13.4
2024-01-24,14.8,7.7,68.0,1019.3,0.0,9.0
2024-01-25,13.5,6.4,68.0,1021.3,0.0,10.6
2024-01-26,16.6,9.5,56.0,1022.4,0.4,8.4
2024-01-27,17.1,7.1,53.0,1020.9,0.1,16.9
2024-01-28,16.8,9.5,71.0,1017.9,1.9,15.0
2024-01-29,17.5,9.9,73.0,1019.8,1.8,13.1
2024-01-30,15.1,7.5,73.0,1017.6,2.1,10.1
2024-01-31,11.9,9.5,82.0,1015.9,27.4,21.3
2024-02-01,13.1,6.0,73.0,1016.4,2.5,13.9
2024-02-02,14.5,6.1,58.0,1022.3,0.0,12.3
2024-02-03,11.8,8.0,65.0,1020.0,1.4,9.5
2024-02-04,12.1,6.1,79.0,1018.2,3.4,16.1
2024-02-05,14.1,5.0,66.0,1019.8,0.0,13.8
2024-02-06,14.4,7.8,58.0,1020.9,0.3,12.3
2024-02-07,15.2,4.9,58.0,1022.1,0.0,16.3
2024-02-08,16.7,6.9,47.0,1020.2,0.0,21.7
2024-02-09,18.4,8.3,47.0,1018.2,0.0,11.8
2024-02-10,18.0,9.7,48.0,1022.3,0.0,12.9
2024-02-11,18.3,11.3,48.0,1021.8,0.0,9.7
2024-02-12,18.8,9.1,51.0,1020.5,0.0,8.3
2024-02-13,19.4,9.3,45.0,1020.1,0.0,13.5
2024-02-14,19.7,8.9,43.0,1019.9,0.0,15.7
2024-02-15,21.2,11.5,44.0,1019.6,0.0,12.8
2024-02-16,21.7,12.3,38.0,1020.0,0.0,11.5
2024-02-17,22.3,14.1,44.0,1015.1,0.0,13.0
2024-02-18,17.2,12.5,61.0,1011.9,16.3,25.5
2024-02-19,14.8,9.3,80.0,1007.3,41.9,39.4
2024-02-20,15.6,7.9,75.0,1011.5,4.3,10.8
2024-02-21,16.8,8.4,60.0,1013.0,0.2,14.1
2024-02-22,16.5,7.9,49.0,1015.7,0.0,11.5
2024-02-23,16.3,7.0,52.0,1017.0,0.0,13.6
2024-02-24,16.8,9.2,42.0,1017.2,0.0,8.6
2024-02-25,17.5,8.5,46.0,1020.5,0.0,10.0
2024-02-26,15.0,7.8,58.0,1021.6,0.0,13.8
2024-02-27,17.3,7.0,69.0,1020.6,0.0,16.1
2024-02-28,19.0,9.1,61.0,1017.7,0.0,15.6
2024-02-29,17.3,10.7,64.0,1016.0,0.0,12.3
2024-03-01,15.8,10.1,82.0,1014.5,21.9,33.2
2024-03-02,15.0,8.8,89.0,1005.3,50.9,39.2
2024-03-03,14.1,6.1,82.0,1011.7,4.3,22.9
2024-03-04,14.0,4.8,70.0,1019.5,0.5,12.9
2024-03-05,16.3,5.2,61.0,1019.2,0.0,16.8
2024-03-06,18.1,7.2,58.0,1015.6,0.0,10.9
2024-03-07,18.8,10.0,57.0,1016.3,0.0,11.3
2024-03-08,18.9,9.3,59.0,1017.5,0.0,16.0
2024-03-09,20.5,9.9,56.0,1017.1,0.0,19.9
2024-03-10,19.7,11.4,58.0,1015.6,0.0,13.1
2024-03-11,22.5,13.5,46.0,1017.5,0.0,9.5
2024-03-12,22.4,11.4,49.0,1016.2,0.0,13.6
2024-03-13,18.6,12.5,65.0,1012.4,18.3,17.9
2024-03-14,20.2,11.5,70.0,1018.7,3.5,14.0
2024-03-15,20.6,10.9,59.0,1015.9,0.0,16.7
2024-03-16,22.7,12.6,52.0,1016.9,0.0,11.5
2024-03-17,22.8,11.7,48.0,1016.9,0.0,15.7
2024-03-18,24.5,13.2,47.0,1014.2,0.0,12.2
2024-03-19,25.1,17.4,40.0,1014.4,0.0,16.0
2024-03-20,27.6,14.7,42.0,1014.1,0.0,12.0
2024-03-21,23.9,16.2,48.0,1012.6,0.0,16.0
2024-03-22,23.1,13.0,67.0,1012.9,8.9,10.7
2024-03-23,25.2,13.6,54.0,1011.0,0.3,13.3
2024-03-24,26.3,15.5,56.0,1013.0,1.4,14.7
2024-03-25,27.3,17.0,46.0,1014.2,0.0,16.1
2024-03-26,27.8,17.1,49.0,1012.4,0.1,13.7
2024-03-27,23.5,15.8,74.0,1017.3,10.4,16.5
2024-03-28,25.6,14.8,74.0,1014.6,1.6,14.0
2024-03-29,24.7,16.1,65.0,1012.3,1.2,28.2
2024-03-30,22.3,14.0,76.0,1013.7,24.5,21.5
2024-03-31,21.9,11.1,73.0,1016.2,0.0,14.6
2024-04-01,25.0,14.0,55.0,1010.5,0.0,16.4
2024-04-02,25.9,16.1,45.0,1008.6,0.0,12.0
2024-04-03,24.1,14.5,56.0,1011.5,1.5,24.5
2024-04-04,25.7,14.5,54.0,1012.6,0.0,17.3
2024-04-05,27.1,15.4,48.0,1011.3,0.0,15.5
2024-04-06,27.9,17.3,37.0,1010.4,0.0,16.1
2024-04-07,29.3,16.6,35.0,1009.4,0.0,15.2
2024-04-08,29.7,18.2,36.0,1010.7,0.0,12.7
2024-04-09,30.8,16.7,31.0,1011.0,0.0,13.1
2024-04-10,29.7,21.0,33.0,1011.9,0.0,19.6
2024-04-11,28.0,17.2,43.0,1014.2,3.9,20.4
2024-04-12,30.0,18.2,42.0,1012.5,0.1,20.1
2024-04-13,24.4,15.8,76.0,1013.6,8.7,23.7
2024-04-14,22.0,15.0,80.0,1015.4,17.2,19.5
2024-04-15,22.0,16.3,81.0,1014.1,30.5,18.6
2024-04-16,24.7,13.1,74.0,1014.4,0.0,16.8
2024-04-17,26.7,16.6,59.0,1010.0,0.0,15.6
2024-04-18,26.3,16.8,67.0,1009.4,26.4,17.2
2024-04-19,21.6,14.6,83.0,1007.5,39.7,20.9
2024-04-20,22.8,13.8,83.0,1009.1,3.6,19.1
2024-04-21,27.5,14.9,67.0,1008.3,0.8,13.0
2024-04-22,25.5,19.9,57.0,1009.5,1.4,10.9
2024-04-23,28.6,19.3,52.0,1008.7,0.3,10.5
2024-04-24,28.4,18.5,49.0,1008.6,0.7,13.1
2024-04-25,30.0,22.0,45.0,1008.7,0.0,13.7
2024-04-26,28.2,18.2,68.0,1008.2,11.7,19.2
2024-04-27,21.3,16.6,75.0,1009.5,11.5,14.0
2024-04-28,23.9,15.8,73.0,1010.6,19.3,16.6
2024-04-29,21.7,13.6,77.0,1010.7,21.1,17.9
2024-04-30,21.5,11.7,68.0,1010.3,0.0,22.2
2024-05-01,24.7,14.3,53.0,1006.1,0.0,10.5
2024-05-02,27.4,16.5,52.0,1006.8,0.0,12.2
2024-05-03,27.1,18.4,64.0,1007.7,0.2,13.0
2024-05-04,28.6,16.3,65.0,1010.7,1.3,25.6
2024-05-05,28.9,17.7,58.0,1005.8,0.0,16.1
2024-05-06,31.6,20.7,53.0,1005.4,0.0,14.2
2024-05-07,33.1,22.0,43.0,1006.8,0.0,14.5
2024-05-08,35.1,22.4,39.0,1006.0,0.0,12.0
2024-05-09,35.0,24.6,35.0,1004.7,0.0,24.6
2024-05-10,32.6,23.9,47.0,1007.5,0.1,12.0
2024-05-11,32.3,22.5,53.0,1009.5,1.1,23.9
2024-05-12,27.9,19.2,60.0,1010.9,1.0,26.4
2024-05-13,31.0,19.3,43.0,1011.5,0.0,15.1
2024-05-14,33.8,20.6,34.0,1010.0,0.0,13.2
2024-05-15,37.1,21.7,29.0,1008.7,0.0,16.2
2024-05-16,36.7,23.6,28.0,1009.3,0.0,32.4
2024-05-17,36.6,24.9,29.0,1006.5,0.9,23.1
2024-05-18,36.2,25.3,36.0,1005.1,1.6,20.2
2024-05-19,36.9,25.0,28.0,1002.4,0.0,19.2
2024-05-20,37.2,24.9,27.0,1003.2,0.4,20.2
2024-05-21,36.8,26.3,26.0,1003.5,0.0,15.6
2024-05-22,39.6,26.2,21.0,1002.6,0.0,14.5
2024-05-23,39.7,29.4,19.0,1001.6,0.0,13.5
2024-05-24,38.3,25.7,24.0,1002.6,0.0,20.6
2024-05-25,36.8,26.1,29.0,1001.9,0.0,17.4
2024-05-26,38.6,27.1,27.0,999.4,0.0,17.4
2024-05-27,38.9,26.2,21.0,996.9,0.0,17.9
2024-05-28,38.4,25.8,19.0,995.0,0.0,19.1
2024-05-29,38.4,26.3,20.0,996.4,0.0,21.6
2024-05-30,38.6,25.7,19.0,999.6,0.0,15.3
2024-05-31,39.5,24.0,16.0,1001.3,0.0,23.1
2024-06-01,39.3,24.6,19.0,1001.9,0.0,17.6
2024-06-02,39.7,30.2,16.0,1002.7,0.0,13.7
2024-06-03,40.2,27.1,22.0,1001.5,0.0,23.4
2024-06-04,38.7,29.2,26.0,1001.2,0.1,25.3
2024-06-05,36.2,24.1,30.0,1003.6,0.7,26.0
2024-06-06,33.4,22.8,50.0,1007.7,1.3,31.7
2024-06-07,33.9,21.6,47.0,1005.4,0.2,15.8
2024-06-08,34.6,22.5,36.0,1003.4,0.0,16.4
2024-06-09,35.3,23.3,29.0,1003.3,0.0,16.3
2024-06-10,37.6,25.6,22.0,1002.3,0.0,17.7
2024-06-11,38.8,26.6,22.0,1001.4,0.0,14.7
2024-06-12,40.7,27.8,19.0,1000.4,0.0,17.6
2024-06-13,41.0,28.3,21.0,999.6,0.0,23.2
2024-06-14,39.3,29.7,24.0,999.6,0.7,23.6
2024-06-15,40.5,28.5,25.0,999.5,0.0,16.0
2024-06-16,40.9,30.4,22.0,999.0,0.0,16.1
2024-06-17,42.4,30.6,19.0,998.7,0.0,28.4
2024-06-18,42.0,31.7,19.0,996.9,0.0,32.2
2024-06-19,40.7,28.8,22.0,994.7,0.0,12.7
2024-06-20,36.8,29.2,30.0,997.1,0.1,19.0
2024-06-21,33.0,25.6,46.0,1001.1,1.4,16.5
2024-06-22,35.9,25.0,38.0,1000.2,0.0,17.6
2024-06-23,36.9,30.1,31.0,1000.9,0.1,23.2
2024-06-24,38.8,30.3,28.0,998.9,0.0,14.9
2024-06-25,39.7,28.0,27.0,997.3,0.0,21.8
2024-06-26,40.6,29.6,24.0,997.0,0.0,16.8
2024-06-27,38.5,30.1,42.0,999.9,0.0,26.7
2024-06-28,36.4,26.5,53.0,999.9,0.4,17.3
2024-06-29,37.4,28.0,49.0,998.1,0.0,20.8
2024-06-30,37.3,27.3,54.0,997.2,0.7,17.5
2024-07-01,37.5,27.5,60.0,994.6,0.3,23.1
2024-07-02,36.4,25.8,67.0,993.4,18.0,20.4
2024-07-03,37.8,27.1,65.0,995.0,1.6,19.7
2024-07-04,32.8,26.0,76.0,999.7,11.1,26.0
2024-07-05,30.7,24.5,79.0,997.1,8.0,18.5
2024-07-06,31.5,22.5,77.0,996.2,26.0,20.1
2024-07-07,31.4,23.0,75.0,999.8,3.3,20.2
2024-07-08,32.9,25.4,71.0,1002.1,0.0,10.0
2024-07-09,32.6,24.7,72.0,1003.2,1.3,20.5
2024-07-10,32.4,23.6,74.0,1003.5,8.8,23.3
2024-07-11,32.8,26.7,74.0,998.9,6.7,15.9
2024-07-12,33.6,25.8,70.0,996.2,1.3,18.3
2024-07-13,32.2,24.8,68.0,998.1,1.0,12.5
2024-07-14,33.1,23.6,65.0,998.2,8.3,16.1
2024-07-15,34.8,26.7,62.0,1000.8,0.0,13.5
2024-07-16,35.6,27.5,56.0,1001.4,0.0,12.6
2024-07-17,34.9,28.0,55.0,1000.5,0.2,17.9
2024-07-18,33.2,25.4,69.0,999.9,18.5,15.5
2024-07-19,34.2,26.9,68.0,998.2,0.0,11.6
2024-07-20,34.2,27.7,66.0,998.8,0.0,13.7
2024-07-21,36.2,27.9,63.0,998.5,0.0,19.9
2024-07-22,35.3,27.8,69.0,998.7,4.8,21.7
2024-07-23,33.8,25.8,74.0,998.4,9.8,23.0
2024-07-24,34.4,26.8,70.0,994.6,0.2,9.2
2024-07-25,35.4,24.3,67.0,993.5,2.7,27.4
2024-07-26,36.1,25.7,67.0,994.9,1.0,18.9
2024-07-27,35.0,26.2,68.0,997.2,0.4,23.6
2024-07-28,32.8,26.4,80.0,999.3,9.1,22.2
2024-07-29,30.8,27.3,85.0,999.2,10.9,17.8
2024-07-30,31.1,25.6,87.0,1000.8,17.6,13.0
2024-07-31,33.6,26.3,78.0,998.6,0.0,9.0
2024-08-01,31.7,24.6,82.0,999.0,34.6,36.3
2024-08-02,32.8,24.7,80.0,998.8,99.4,9.4
2024-08-03,31.7,25.1,80.0,1000.6,8.6,17.2
2024-08-04,31.0,25.1,82.0,1003.0,2.5,15.5
2024-08-05,31.2,25.3,81.0,1002.3,0.2,14.4
2024-08-06,32.3,24.8,82.0,999.9,11.5,17.9
2024-08-07,30.9,23.7,85.0,1000.9,19.6,21.5
2024-08-08,30.2,24.6,83.0,1003.4,3.9,16.1
2024-08-09,31.3,25.4,80.0,1004.0,0.7,10.5
2024-08-10,30.7,24.3,84.0,1002.8,14.2,20.7
2024-08-11,27.6,23.4,86.0,1001.9,23.1,21.4
2024-08-12,31.4,23.9,78.0,1003.6,0.2,11.2
2024-08-13,32.7,25.0,73.0,1004.2,0.0,11.6
2024-08-14,31.7,26.6,78.0,1004.1,0.4,17.0
2024-08-15,28.7,24.1,89.0,1004.0,18.9,23.9
2024-08-16,31.3,25.2,85.0,1002.8,7.4,8.1
2024-08-17,29.0,24.9,85.0,1005.9,9.1,18.3
2024-08-18,31.6,24.0,84.0,1005.2,0.2,11.5
2024-08-19,31.4,25.0,81.0,1003.8,0.2,11.8
2024-08-20,29.5,22.9,85.0,1004.2,18.3,11.6
2024-08-21,30.0,22.9,82.0,1006.0,4.0,19.1
2024-08-22,31.3,24.0,73.0,1004.3,0.0,11.9
2024-08-23,32.2,25.3,67.0,1004.5,0.0,12.8
2024-08-24,32.1,25.2,70.0,1005.1,0.0,15.3
2024-08-25,31.1,24.7,74.0,1003.7,1.9,14.8
2024-08-26,32.1,25.5,73.0,1003.2,0.4,13.2
2024-08-27,29.3,23.4,82.0,1006.9,3.8,24.3
2024-08-28,26.2,23.8,87.0,1006.1,5.7,13.8
2024-08-29,28.4,23.2,83.0,1005.2,21.3,17.6
2024-08-30,27.4,22.5,88.0,1008.3,11.4,13.0
2024-08-31,30.7,21.5,79.0,1006.7,0.0,16.5
2024-09-01,32.4,24.7,69.0,1004.8,0.0,11.1
2024-09-02,28.8,23.5,84.0,1006.3,13.0,17.5
2024-09-03,28.6,22.1,84.0,1008.0,23.5,13.1
2024-09-04,30.1,23.4,78.0,1004.7,0.0,9.6
2024-09-05,30.1,23.5,79.0,1002.1,0.6,10.8
2024-09-06,30.0,22.3,79.0,1004.5,1.4,22.1
2024-09-07,29.7,21.8,81.0,1006.4,11.2,10.4
2024-09-08,30.5,24.0,72.0,1005.8,0.0,11.9
2024-09-09,31.8,27.1,67.0,1003.0,0.0,11.0
2024-09-10,30.8,26.0,68.0,1002.7,0.0,16.5
2024-09-11,31.2,24.6,69.0,1003.3,0.3,15.1
2024-09-12,31.8,24.7,63.0,1000.7,0.0,18.0
2024-09-13,31.4,23.4,72.0,1000.4,0.1,16.3
2024-09-14,27.8,21.8,82.0,1003.5,19.0,25.2
2024-09-15,30.4,19.4,70.0,1004.4,1.0,15.0
2024-09-16,30.9,24.7,57.0,1005.4,0.0,10.5
2024-09-17,30.2,25.6,62.0,1007.0,0.0,12.5
2024-09-18,31.5,23.5,58.0,1006.8,0.0,11.1
2024-09-19,32.5,23.6,65.0,1007.2,0.0,13.2
2024-09-20,33.0,23.4,60.0,1005.7,0.0,8.7
2024-09-21,32.6,25.1,65.0,1006.8,0.0,12.8
2024-09-22,33.2,26.2,65.0,1006.5,0.0,13.1
2024-09-23,33.9,26.6,59.0,1006.5,0.0,7.9
2024-09-24,34.2,26.3,60.0,1004.6,0.0,11.9
2024-09-25,34.0,27.7,59.0,1004.4,0.0,15.7
2024-09-26,31.9,24.4,69.0,1005.1,5.0,20.1
2024-09-27,27.3,22.1,84.0,1006.2,46.5,16.7
2024-09-28,28.3,20.3,78.0,1007.6,5.0,21.7
2024-09-29,28.3,22.8,75.0,1010.6,0.1,11.2
2024-09-30,30.1,22.5,72.0,1009.2,0.0,17.3
2024-10-01,30.9,22.7,61.0,1005.6,0.0,12.0
2024-10-02,31.1,24.0,51.0,1005.6,0.0,9.9
2024-10-03,31.2,23.3,55.0,1004.6,0.0,11.1
2024-10-04,31.4,24.0,60.0,1005.7,0.0,11.0
2024-10-05,30.5,22.6,69.0,1008.5,0.0,18.3
2024-10-06,29.0,18.7,70.0,1013.0,0.0,11.0
2024-10-07,29.4,19.7,61.0,1014.2,0.0,21.5
2024-10-08,27.2,18.5,71.0,1015.1,7.2,17.2
2024-10-09,27.1,17.7,69.0,1012.8,0.0,13.2
2024-10-10,27.3,18.5,58.0,1011.4,0.0,12.4
2024-10-11,28.1,19.5,51.0,1010.7,0.0,14.4
2024-10-12,28.8,22.7,47.0,1010.7,0.0,9.4
2024-10-13,29.1,21.8,53.0,1011.7,0.0,10.0
2024-10-14,28.8,21.0,54.0,1012.9,0.0,12.0
2024-10-15,29.4,20.0,55.0,1011.3,0.0,11.4
2024-10-16,29.8,20.2,48.0,1009.6,0.0,16.2
2024-10-17,28.9,21.7,53.0,1011.1,0.0,12.6
2024-10-18,28.6,21.9,53.0,1011.5,0.0,13.1
2024-10-19,29.2,19.4,48.0,1011.6,0.0,11.3
2024-10-20,29.7,20.7,52.0,1012.7,0.0,19.7
2024-10-21,28.4,22.6,56.0,1013.5,0.0,10.1
2024-10-22,28.5,20.3,59.0,1014.8,0.0,16.4
2024-10-23,26.3,19.0,70.0,1015.5,0.1,19.2
2024-10-24,26.3,17.9,61.0,1014.3,0.0,14.7
2024-10-25,27.0,17.0,58.0,1012.5,0.0,14.0
2024-10-26,28.3,18.6,54.0,1011.3,0.0,15.3
2024-10-27,29.0,19.1,52.0,1010.4,0.0,14.0
2024-10-28,27.9,20.9,61.0,1009.4,0.1,12.6
2024-10-29,23.4,17.9,80.0,1012.1,27.4,16.1
2024-10-30,25.3,17.2,71.0,1013.1,0.0,13.7
2024-10-31,25.5,17.5,62.0,1013.7,0.0,16.4
2024-11-01,26.4,16.7,55.0,1012.7,0.0,11.7
2024-11-02,26.1,17.0,52.0,1014.0,0.0,9.6
2024-11-03,25.3,19.3,57.0,1015.7,0.0,9.9
2024-11-04,24.5,15.4,63.0,1013.6,0.0,13.3
2024-11-05,25.9,17.8,64.0,1015.9,0.0,11.7
2024-11-06,25.5,17.3,62.0,1016.0,0.0,11.7
2024-11-07,25.9,18.0,67.0,1015.1,0.0,10.0
2024-11-08,25.3,20.0,76.0,1015.2,0.0,8.8
2024-11-09,25.1,19.5,75.0,1015.4,0.0,8.1
2024-11-10,24.0,19.3,73.0,1015.8,0.5,9.7
2024-11-11,22.3,14.9,80.0,1015.9,18.3,13.7
2024-11-12,23.4,13.5,71.0,1016.0,0.9,20.8
2024-11-13,23.7,14.8,58.0,1013.6,0.0,12.1
2024-11-14,21.7,15.0,72.0,1016.2,0.6,11.0
2024-11-15,21.1,13.8,75.0,1016.2,3.0,20.2
2024-11-16,21.0,11.3,71.0,1015.2,0.0,7.3
2024-11-17,21.1,11.6,57.0,1015.7,0.0,12.1
2024-11-18,21.1,12.3,54.0,1016.3,0.0,11.0
2024-11-19,21.2,11.8,47.0,1017.1,0.0,8.5
2024-11-20,21.0,10.9,48.0,1015.8,0.0,9.6
2024-11-21,21.0,14.2,51.0,1015.6,0.0,9.2
2024-11-22,21.9,13.1,57.0,1015.0,0.0,9.6
2024-11-23,19.9,12.8,69.0,1016.2,4.2,11.3
2024-11-24,20.2,12.0,69.0,1017.7,3.1,13.0
2024-11-25,20.6,10.9,61.0,1016.3,0.0,10.0
2024-11-26,21.0,11.5,48.0,1015.7,0.0,7.8
2024-11-27,20.7,10.0,46.0,1015.1,0.0,7.6
2024-11-28,21.1,10.5,45.0,1017.0,0.0,6.0
2024-11-29,20.4,11.5,52.0,1018.8,0.0,14.7
2024-11-30,19.2,10.3,62.0,1016.8,0.0,9.1
2024-12-01,20.1,10.3,61.0,1014.5,0.0,6.9
2024-12-02,19.8,10.1,62.0,1015.4,0.0,12.9
2024-12-03,19.6,8.9,61.0,1018.5,0.0,15.4
2024-12-04,18.5,9.5,50.0,1016.8,0.0,14.8
2024-12-05,19.1,9.6,48.0,1014.7,0.0,9.0
2024-12-06,17.6,7.6,43.0,1014.0,0.0,12.6
2024-12-07,18.6,8.3,35.0,1012.3,0.0,13.6
2024-12-08,13.0,7.5,59.0,1014.5,0.1,14.2
2024-12-09,15.5,5.8,38.0,1017.5,0.0,14.2
2024-12-10,15.1,4.8,37.0,1018.9,0.0,11.6
2024-12-11,15.2,6.4,43.0,1018.1,0.0,8.3
2024-12-12,15.6,5.7,51.0,1017.8,0.0,6.4
2024-12-13,15.6,4.9,45.0,1020.6,0.0,16.3
2024-12-14,16.2,5.8,43.0,1018.4,0.0,12.5
2024-12-15,18.2,8.1,38.0,1019.0,0.0,5.5
2024-12-16,16.6,6.6,44.0,1018.0,0.0,8.8
2024-12-17,16.7,7.3,43.0,1017.3,0.0,7.7
2024-12-18,15.5,8.1,45.0,1016.5,0.0,7.0
2024-12-19,17.4,6.2,43.0,1015.9,0.0,12.5
2024-12-20,16.1,7.1,54.0,1017.8,0.0,8.4
2024-12-21,15.6,5.3,48.0,1016.6,0.0,6.2
2024-12-22,16.2,7.7,52.0,1015.7,0.0,9.4
2024-12-23,16.3,8.4,59.0,1017.5,0.0,13.2
2024-12-24,15.4,5.6,64.0,1019.5,0.0,12.0
2024-12-25,16.2,7.4,54.0,1020.9,0.0,11.6
2024-12-26,17.3,7.5,45.0,1021.4,0.0,6.7
2024-12-27,15.9,8.7,55.0,1020.2,2.0,10.5
2024-12-28,16.0,7.0,67.0,1020.3,0.0,6.6
2024-12-29,15.2,5.2,71.0,1022.8,0.0,12.9
2024-12-30,16.1,5.8,63.0,1019.9,0.0,10.1
2024-12-31,16.4,6.3,61.0,1020.7,0.0,8.6
2025-01-01,15.3,6.5,62.0,1019.5,2.3,13.4
2025-01-02,16.6,7.1,64.0,1018.6,0.3,13.0
2025-01-03,18.7,7.3,66.0,1018.5,0.0,5.1
2025-01-04,19.7,9.2,54.0,1015.4,18.5,18.2
2025-01-05,16.1,7.0,72.0,1016.7,16.9,9.4
2025-01-06,14.6,7.5,73.0,1019.7,2.7,12.5
2025-01-07,15.7,6.8,55.0,1018.9,0.0,14.7
2025-01-08,16.9,6.2,45.0,1015.5,0.0,14.1
2025-01-09,17.3,8.3,44.0,1017.9,0.0,9.5
2025-01-10,16.2,4.9,43.0,1019.6,0.0,11.9
2025-01-11,16.8,8.0,59.0,1019.0,0.0,14.1
2025-01-12,16.2,8.2,62.0,1021.7,0.0,11.9
2025-01-13,15.4,5.0,61.0,1020.8,0.0,12.5
2025-01-14,15.7,6.0,58.0,1019.1,0.0,7.2
2025-01-15,16.7,7.4,53.0,1020.1,0.0,8.7
2025-01-16,15.7,8.1,56.0,1021.4,0.7,17.8
2025-01-17,15.2,6.9,56.0,1022.8,0.0,15.9
2025-01-18,18.1,8.7,49.0,1018.2,0.0,7.2
2025-01-19,14.7,8.4,54.0,1018.8,2.0,9.7
2025-01-20,15.5,6.1,66.0,1018.4,2.0,13.5
2025-01-21,16.6,5.8,67.0,1016.4,0.0,11.6
2025-01-22,16.5,6.8,58.0,1015.2,0.0,13.5
2025-01-23,17.3,7.4,52.0,1017.6,0.0,15.0
2025-01-24,17.8,8.0,44.0,1017.4,0.0,16.6
2025-01-25,17.7,5.7,29.0,1015.4,0.0,13.5
2025-01-26,18.3,6.1,36.0,1014.7,0.0,12.4
2025-01-27,19.9,8.6,29.0,1013.4,0.0,9.9
2025-01-28,21.1,8.0,31.0,1011.9,0.0,15.0
2025-01-29,19.0,9.1,46.0,1014.9,1.0,16.3
2025-01-30,18.2,6.6,56.0,1014.2,0.2,13.1
2025-01-31,19.0,8.4,47.0,1012.2,0.0,12.7
2025-02-01,17.9,8.0,60.0,1015.6,5.3,11.1
2025-02-02,18.8,7.7,54.0,1017.5,0.0,13.6
2025-02-03,21.3,8.3,37.0,1013.7,0.0,15.3
2025-02-04,17.3,9.6,52.0,1016.4,0.0,15.7
2025-02-05,17.1,7.8,46.0,1016.6,0.0,10.2
2025-02-06,17.8,8.0,38.0,1019.7,0.0,16.0
2025-02-07,18.9,8.2,36.0,1018.4,0.0,15.3
2025-02-08,19.8,9.3,30.0,1016.0,0.0,14.3
2025-02-09,22.1,11.2,29.0,1015.1,0.0,12.8
2025-02-10,19.1,12.9,35.0,1014.7,0.0,11.6
2025-02-11,18.8,8.5,60.0,1016.2,0.4,11.3
2025-02-12,19.8,8.2,42.0,1016.7,0.0,13.9
2025-02-13,19.4,9.7,28.0,1016.5,0.0,12.1
2025-02-14,20.9,9.5,25.0,1014.0,0.0,13.0
2025-02-15,21.9,10.3,30.0,1011.4,0.0,12.9
2025-02-16,21.0,12.0,38.0,1013.0,0.5,16.6
2025-02-17,21.8,9.7,47.0,1017.3,0.8,10.3
2025-02-18,23.0,9.8,28.0,1016.5,0.0,14.9
2025-02-19,22.6,11.8,38.0,1013.4,1.6,16.6
2025-02-20,14.4,8.1,84.0,1015.1,18.8,19.6
2025-02-21,18.5,6.8,69.0,1020.1,0.0,14.9
2025-02-22,20.6,9.6,55.0,1017.5,0.0,13.9
2025-02-23,22.2,12.3,38.0,1018.0,0.0,11.9
2025-02-24,23.4,13.7,33.0,1019.1,0.0,13.1
2025-02-25,17.0,12.6,72.0,1020.2,8.1,14.6
2025-02-26,19.0,12.3,80.0,1018.5,8.9,27.6
2025-02-27,16.7,11.2,85.0,1015.3,14.3,24.5
2025-02-28,17.6,9.1,81.0,1012.0,8.0,20.0
2025-03-01,19.4,8.6,63.0,1016.5,0.3,11.4
2025-03-02,20.4,8.6,53.0,1014.0,0.4,12.0
2025-03-03,13.2,8.6,87.0,1012.8,40.0,29.8
2025-03-04,16.4,6.9,64.0,1016.8,0.4,18.2
2025-03-05,19.5,6.6,49.0,1016.8,0.0,20.7
2025-03-06,21.4,10.5,41.0,1012.2,0.0,11.3
2025-03-07,22.9,14.7,37.0,1011.5,0.0,11.1
2025-03-08,23.1,11.4,41.0,1009.7,0.0,16.1
2025-03-09,25.5,15.0,38.0,1012.5,0.0,14.1
2025-03-10,20.1,14.7,63.0,1018.8,10.2,18.2
2025-03-11,23.1,10.7,65.0,1017.2,0.0,13.9
2025-03-12,22.7,13.9,72.0,1012.4,4.7,15.6
2025-03-13,21.1,12.2,66.0,1009.8,5.4,11.6
2025-03-14,18.4,12.4,68.0,1012.2,3.8,17.4
2025-03-15,19.7,11.7,72.0,1014.3,1.7,16.1
2025-03-16,22.1,11.6,63.0,1014.7,0.2,15.7
2025-03-17,24.3,13.4,48.0,1014.0,0.0,9.6
2025-03-18,25.2,14.3,44.0,1013.6,0.0,10.7
2025-03-19,25.7,15.4,47.0,1014.5,0.5,11.6
2025-03-20,25.2,14.3,39.0,1017.2,0.0,14.5
2025-03-21,26.5,15.9,34.0,1015.3,0.0,15.0
2025-03-22,29.4,15.2,20.0,1013.3,0.0,12.8
2025-03-23,29.9,19.0,27.0,1014.4,0.0,11.9
2025-03-24,28.5,20.3,35.0,1014.1,0.0,10.3
2025-03-25,29.2,18.0,41.0,1010.7,0.1,14.6
2025-03-26,27.0,14.5,52.0,1007.5,0.9,20.7
2025-03-27,24.4,13.4,64.0,1006.9,1.3,20.0
2025-03-28,21.5,11.0,43.0,1011.5,0.8,15.8
2025-03-29,24.3,11.9,33.0,1013.1,0.0,20.0
2025-03-30,26.8,13.8,29.0,1011.8,0.0,19.7
2025-03-31,28.4,15.2,23.0,1012.6,0.0,14.9
2025-04-01,29.1,16.6,21.0,1010.7,0.0,16.9
2025-04-02,30.7,16.7,20.0,1011.2,0.0,13.1
2025-04-03,23.8,14.9,37.0,1015.1,0.0,23.8
2025-04-04,28.6,14.2,39.0,1014.8,0.0,17.9
2025-04-05,31.2,17.9,28.0,1009.7,0.0,16.2
2025-04-06,33.6,18.8,25.0,1007.2,0.0,17.5
2025-04-07,35.9,23.9,28.0,1008.7,0.0,13.9
2025-04-08,32.7,22.4,37.0,1012.2,3.6,24.5
2025-04-09,35.1,20.9,37.0,1010.6,0.5,26.6
2025-04-10,31.8,20.9,42.0,1005.4,2.5,26.1
2025-04-11,28.4,18.5,43.0,1005.3,1.0,16.7
2025-04-12,31.4,17.1,36.0,1007.2,0.0,9.8
2025-04-13,33.4,20.6,35.0,1009.1,0.0,13.9
2025-04-14,35.8,21.4,32.0,1007.8,0.0,14.7
2025-04-15,36.0,24.6,32.0,1008.2,0.0,18.5
2025-04-16,34.1,21.9,39.0,1008.1,1.4,19.8
2025-04-17,33.2,20.2,43.0,1006.9,0.0,13.2
2025-04-18,33.7,20.1,44.0,1003.6,3.7,27.8
2025-04-19,28.9,19.0,58.0,1003.6,2.5,27.5
2025-04-20,26.5,16.0,54.0,1005.1,1.2,16.4
2025-04-21,32.2,15.9,38.0,1009.1,0.0,15.3
2025-04-22,33.1,19.3,25.0,1010.4,0.0,14.8
2025-04-23,33.4,18.4,21.0,1007.5,0.0,14.5
2025-04-24,34.1,19.6,21.0,1004.9,0.0,16.3
2025-04-25,35.4,19.9,18.0,1006.8,0.0,14.2
2025-04-26,34.5,20.0,18.0,1006.8,0.0,21.6
2025-04-27,36.2,20.2,19.0,1007.1,0.0,15.9
2025-04-28,38.1,22.9,16.0,1004.8,0.0,13.7
2025-04-29,38.5,24.7,18.0,1004.1,0.0,21.0
2025-04-30,37.5,26.7,27.0,1006.1,0.0,20.4
2025-05-01,34.0,25.0,38.0,1007.9,1.0,24.1
2025-05-02,31.9,21.5,59.0,1009.8,7.3,31.8
2025-05-03,29.1,20.7,54.0,1007.4,2.8,10.5
2025-05-04,29.9,21.9,51.0,1006.1,1.8,15.3
2025-05-05,30.7,20.5,57.0,1007.3,1.2,20.9
2025-05-06,31.2,21.7,50.0,1006.8,0.2,14.9
2025-05-07,31.9,23.3,46.0,1005.7,0.3,11.0
2025-05-08,30.3,22.4,58.0,1007.1,2.5,30.3
2025-05-09,29.1,21.4,62.0,1009.5,0.3,21.5
2025-05-10,34.5,21.8,45.0,1007.4,0.6,21.4
2025-05-11,34.1,23.4,37.0,1005.7,0.0,15.1
2025-05-12,33.1,22.9,40.0,1004.9,0.4,15.8
2025-05-13,35.5,22.9,30.0,1004.5,0.0,13.1
2025-05-14,37.5,24.4,25.0,1004.4,0.0,14.8
2025-05-15,39.0,24.5,21.0,1003.2,0.0,14.2
2025-05-16,40.5,27.3,20.0,1001.9,0.0,9.4
2025-05-17,40.8,27.5,19.0,1001.2,0.0,15.0
2025-05-18,41.8,28.5,20.0,1000.7,0.0,17.9
2025-05-19,38.8,28.5,24.0,1001.6,0.0,14.6
2025-05-20,40.4,27.7,20.0,1000.5,0.0,14.8
2025-05-21,42.2,26.9,21.0,999.6,0.0,14.6
2025-05-22,40.4,29.4,26.0,1000.0,0.0,26.0
2025-05-23,38.3,28.6,37.0,1000.3,0.0,26.9
2025-05-24,33.3,25.4,46.0,1002.0,3.0,33.1
